{
  "categories": {
    "-KpR7vRkiRPpbUd_TVAR": {
      "forums": {
        "-KpOx5Y4AqRr3sB4Ybwj": "-KpOx5Y4AqRr3sB4Ybwj",
        "-KsjO4_W3W9Q2Z2UmuPr": "-KsjO4_W3W9Q2Z2UmuPr"
      },
      "name": "Feedback & Information",
      "slug": "feedback-and-information",
      ".key": "-KpR7vRkiRPpbUd_TVAR"
    },
    "-KsjPKA6hDuHlQK_lJWO": {
      "forums": {
        "-KsjPat5MWCx-dkjNVg8": "-KsjPat5MWCx-dkjNVg8",
        "-KsjPjasLh0TFtZmffEo": "-KsjPjasLh0TFtZmffEo",
        "-Kvd1Vg_ankLYgrxC50F": "-Kvd1Vg_ankLYgrxC50F",
        "-KvdCowY9mDvM0EH8Pvs": "-KvdCowY9mDvM0EH8Pvs",
        "-KvhkEl6F673igPtnbso": "-KvhkEl6F673igPtnbso"
      },
      "name": "Discussions",
      "slug": "discussions",
      ".key": "-KsjPKA6hDuHlQK_lJWO"
    },
    "-KvclpNRjpI5W-j0JQGU": {
      "forums": {
        "-Kvclvu_Qd9QdS9ciqUl": "-Kvclvu_Qd9QdS9ciqUl",
        "-KvcmOcppNYK8NCesmB9": "-KvcmOcppNYK8NCesmB9"
      },
      "name": "Comedy",
      "slug": "comedy",
      ".key": "-KvclpNRjpI5W-j0JQGU"
    }
  },
  "forums": {
    "-KpOx5Y4AqRr3sB4Ybwj": {
      "categoryId": "-KpR7vRkiRPpbUd_TVAR",
      "description": "Important announcements about the forum.",
      "lastPostId": "-KxxU6bYWl-6Xnu9g-56",
      "name": "Announcements",
      "slug": "announcements",
      "threads": {
        "-KvgjI6bfbWYlbYV5ndr": "-KvgjI6bfbWYlbYV5ndr"
      },
      ".key": "-KpOx5Y4AqRr3sB4Ybwj"
    },
    "-KsjO4_W3W9Q2Z2UmuPr": {
      "categoryId": "-KpR7vRkiRPpbUd_TVAR",
      "description": "Ask your questions and drop your feedback here",
      "lastPostId": "-Kt2tjFsLkYONW35Or8c",
      "name": "Questions & Feedback",
      "slug": "questions-and-feedback",
      "threads": {
        "-KsjpzIeFTdcsBIPvUfP": "-KsjpzIeFTdcsBIPvUfP"
      },
      ".key": "-KsjO4_W3W9Q2Z2UmuPr"
    },
    "-KsjPat5MWCx-dkjNVg8": {
      "categoryId": "-KsjPKA6hDuHlQK_lJWO",
      "description": "All things pet related",
      "lastPostId": "-Kxx_kFpMHmonma6v_dW",
      "name": "Pets",
      "slug": "pets-discussions",
      "threads": {
        "-KsjWehQ--apjDBwSBCY": "-KsjWehQ--apjDBwSBCY",
        "-Ksjv9T5uc5wP1BH2g7O": "-Ksjv9T5uc5wP1BH2g7O",
        "-KsjwU_A01lZRcljDlOp": "-KsjwU_A01lZRcljDlOp",
        "-KvcwywxaxxIfsHR88wa": "-KvcwywxaxxIfsHR88wa"
      },
      ".key": "-KsjPat5MWCx-dkjNVg8"
    },
    "-KsjPjasLh0TFtZmffEo": {
      "categoryId": "-KsjPKA6hDuHlQK_lJWO",
      "description": "Petrol head? This is your section",
      "lastPostId": "-KvggXxCEyQQlq6Z3gn0",
      "name": "Vehicles",
      "slug": "vehicles",
      "threads": {
        "-KvgL0BNLNz4cJhQjdP4": "-KvgL0BNLNz4cJhQjdP4",
        "-KvgOAeYDKON22qBjHWQ": "-KvgOAeYDKON22qBjHWQ",
        "-KvgWYb4YkaFCfCzA_Cj": "-KvgWYb4YkaFCfCzA_Cj",
        "-Kvgb3soiG4TmOZ7I_xl": "-Kvgb3soiG4TmOZ7I_xl",
        "-KvgeSqPO7yMjOPbSYB1": "-KvgeSqPO7yMjOPbSYB1",
        "-KvggPpwnevwqHunhXy8": "-KvggPpwnevwqHunhXy8"
      },
      ".key": "-KsjPjasLh0TFtZmffEo"
    },
    "-Kvclvu_Qd9QdS9ciqUl": {
      "categoryId": "-KvclpNRjpI5W-j0JQGU",
      "description": "Jokes & punchlines",
      "lastPostId": "-KxxMMqcs7LiaJKB_u6D",
      "name": "Jokes",
      "slug": "jokes",
      "threads": {
        "-KvctYeu0_BpWh28-98g": "-KvctYeu0_BpWh28-98g",
        "-KvcyXMXqay-tm4mSboW": "-KvcyXMXqay-tm4mSboW",
        "-Kvfz9ELFDiz_50c1axQ": "-Kvfz9ELFDiz_50c1axQ"
      },
      ".key": "-Kvclvu_Qd9QdS9ciqUl"
    },
    "-KvcmOcppNYK8NCesmB9": {
      "categoryId": "-KvclpNRjpI5W-j0JQGU",
      "description": "The big ol' meme forum",
      "lastPostId": "-Kvcpl2lxtVztykr82Bv",
      "name": "Memes",
      "slug": "memes",
      "threads": {
        "-KvcmrN1WpXOUp1yWrJc": "-KvcmrN1WpXOUp1yWrJc"
      },
      ".key": "-KvcmOcppNYK8NCesmB9"
    },
    "-Kvd1Vg_ankLYgrxC50F": {
      "categoryId": "-KsjPKA6hDuHlQK_lJWO",
      "description": "",
      "forums": {
        "-Kvd1cMV_d3tsaxaehZN": "-Kvd1cMV_d3tsaxaehZN",
        "-Kvd1k_bwZG9xSLkMfUt": "-Kvd1k_bwZG9xSLkMfUt",
        "-Kvd22XESQmixAd-1XE1": "-Kvd22XESQmixAd-1XE1",
        "-Kvd27XTayj4syOO56Qm": "-Kvd27XTayj4syOO56Qm"
      },
      "lastPostId": "-Kvgi7kwtMGggjy3hRPO",
      "name": "Fishing",
      "slug": "fishing",
      "threads": {
        "-Kvgi7kwtMGggjy3hRPN": "-Kvgi7kwtMGggjy3hRPN"
      },
      ".key": "-Kvd1Vg_ankLYgrxC50F"
    },
    "-Kvd1cMV_d3tsaxaehZN": {
      "description": "",
      "name": "Freshwater",
      "parentId": "-Kvd1Vg_ankLYgrxC50F",
      "slug": "freshwater-fishing",
      ".key": "-Kvd1cMV_d3tsaxaehZN"
    },
    "-Kvd1k_bwZG9xSLkMfUt": {
      "description": "",
      "lastPostId": "-Kvd3TvfJogbWreitADe",
      "name": "Saltwater",
      "parentId": "-Kvd1Vg_ankLYgrxC50F",
      "slug": "saltwater-fishing",
      "threads": {
        "-Kvd3TvfJogbWreitADd": "-Kvd3TvfJogbWreitADd"
      },
      ".key": "-Kvd1k_bwZG9xSLkMfUt"
    },
    "-Kvd22XESQmixAd-1XE1": {
      "description": "",
      "lastPostId": "-Kvfw0huq0j2O00bOiWd",
      "name": "Underwater",
      "parentId": "-Kvd1Vg_ankLYgrxC50F",
      "slug": "underwater-fishing",
      "threads": {
        "-KvdBp4adHJpppQWc3sI": "-KvdBp4adHJpppQWc3sI"
      },
      ".key": "-Kvd22XESQmixAd-1XE1"
    },
    "-Kvd27XTayj4syOO56Qm": {
      "description": "Something smells phishy!",
      "name": "Phishing",
      "parentId": "-Kvd1Vg_ankLYgrxC50F",
      "slug": "phishing",
      ".key": "-Kvd27XTayj4syOO56Qm"
    },
    "-KvdCowY9mDvM0EH8Pvs": {
      "categoryId": "-KsjPKA6hDuHlQK_lJWO",
      "description": "Discuss your passion for food and cooking",
      "forums": {
        "-KvfwiQYlnPXtzsDfkGZ": "-KvfwiQYlnPXtzsDfkGZ"
      },
      "lastPostId": "-KvhjGrRB9SpbH67jqbq",
      "name": "Cooking",
      "slug": "cooking",
      "threads": {
        "-KvdDmJtvxFMHECuKKLW": "-KvdDmJtvxFMHECuKKLW",
        "-KvggzbFFFwafR2UV2PO": "-KvggzbFFFwafR2UV2PO",
        "-KvhfY9Xq81wRkrWOl1_": "-KvhfY9Xq81wRkrWOl1_",
        "-KvhfofpGQZDLljV52k4": "-KvhfofpGQZDLljV52k4",
        "-KvhgwEcF6xG6Ovmqedl": "-KvhgwEcF6xG6Ovmqedl",
        "-Kvhj8GxcZOvvNrWCK-W": "-Kvhj8GxcZOvvNrWCK-W"
      },
      ".key": "-KvdCowY9mDvM0EH8Pvs"
    },
    "-KvfwiQYlnPXtzsDfkGZ": {
      "description": "Recipes, Guides and Tips & Tricks",
      "lastPostId": "-KxxZn1egW-9INEREC2K",
      "name": "Recipes",
      "parentId": "-KvdCowY9mDvM0EH8Pvs",
      "slug": "cooking-recipes",
      "threads": {
        "-KvfyDwSUGBojOO4OKyX": "-KvfyDwSUGBojOO4OKyX",
        "-KxxSma_8IeF6kjukwnu": "-KxxSma_8IeF6kjukwnu",
        "-KxxSnNltjgIvlwAjmW8": "-KxxSnNltjgIvlwAjmW8"
      },
      ".key": "-KvfwiQYlnPXtzsDfkGZ"
    },
    "-KvhkEl6F673igPtnbso": {
      "categoryId": "-KsjPKA6hDuHlQK_lJWO",
      "description": "The forum for anything",
      "name": "Miscellaneous",
      "slug": "miscellaneous",
      ".key": "-KvhkEl6F673igPtnbso"
    }
  },
  "moderators": {
    "38St7Q8Zi2N1SPa5ahzssq9kbyp1": "38St7Q8Zi2N1SPa5ahzssq9kbyp1",
    "ALXhxjwgY9PinwNGHpfai6OWyDu2": "ALXhxjwgY9PinwNGHpfai6OWyDu2",
    "rpbB8C6ifrYmNDufMERWfQUoa202": "rpbB8C6ifrYmNDufMERWfQUoa202"
  },
  "posts": {
    "-KsjWehQ--apjDBwSBCZ": {
      "edited": {
        "at": 1504037546,
        "by": "ALXhxjwgY9PinwNGHpfai6OWyDu2",
        "moderated": false
      },
      "publishedAt": 1504035908,
      "text": "I'm curious to know what kind of pets the forum users have. I thought this could be a nice way to get to know each other a little better, so I'll start!\n\nMy dog is a five month old Italian mastiff (Cane Corso). Since I got him from Barcelona I thought a Spanish name would be suitable, and I named him Don Jefe, or Jefe for short (which means \"boss man\").\n\nJefe is a cute, little beast who eats 1.5 kg raw meat every day. He love to fart, snore and play.\n\nHere's Jefe with his Instagram hat and sqeaky ball 🎉🎉🎉\n![Don Jefe](http://i.imgur.com/XCWzR6l.jpg)\n",
      "threadId": "-KsjWehQ--apjDBwSBCY",
      "userId": "ALXhxjwgY9PinwNGHpfai6OWyDu2",
      ".key": "-KsjWehQ--apjDBwSBCZ"
    },
    "-KsjefUiIuNkJieBc5Rq": {
      "edited": {
        "at": 1504038343,
        "by": "FsCDAk9w8NeXEceLV87arpsXjnQ2",
        "moderated": false
      },
      "publishedAt": 1504038271,
      "text": "I have a Jack Russel Terrier called Milo. He can get a bit crazy some times but I love him.\n\nThere once was [ someone who wanted to put their JRT through plastic surgery](http://www.mirror.co.uk/news/world-news/family-slammed-after-getting-pet-9839609) to look more like Milo. That's crazy and unacceptable!\n\nHere is a picture of him with the mask I bought for Katherine:\n\n![](http://stories.barkpost.com/wp-content/uploads/2014/04/dogmask.jpg)\n\nSometimes, at night, he looks like this when he plays with the mask:\n![](http://www.mobuzz.tv/wp-content/uploads/2014/11/original.jpg)\n",
      "threadId": "-KsjWehQ--apjDBwSBCY",
      "userId": "FsCDAk9w8NeXEceLV87arpsXjnQ2",
      ".key": "-KsjefUiIuNkJieBc5Rq"
    },
    "-KsjfvciJhJnebrL4Iw7": {
      "edited": {
        "at": 1504038733,
        "by": "L664y3qZSubDbT1R6npC0EEybJ73",
        "moderated": false
      },
      "publishedAt": 1504038599,
      "text": "I hate all filthy pets, but I love my hounds.",
      "threadId": "-KsjWehQ--apjDBwSBCY",
      "userId": "L664y3qZSubDbT1R6npC0EEybJ73",
      ".key": "-KsjfvciJhJnebrL4Iw7"
    },
    "-KsjnAAjzfpznUVh4DSa": {
      "edited": {
        "at": 1504040913,
        "by": "VXjpr2WHa8Ux4Bnggym8QFLdv5C3",
        "moderated": false
      },
      "publishedAt": 1504040497,
      "text": "I got Ace from an old engraver way back in the days. It all started out when @Robin spotted him struggling in the water. We saved him and I tried to place an ad in the newspaper to locate his owner. \n\nAce loved the batmobile and joined us everywhere. He caught on to criminals immediately, so I realized that this was a trained and highly skilled dog. Since I placed the ad under my real name I became concerned that anyone would recognize him (he has a unique star-shaped spot on his forehead) and pull a connection between Bruce Wayne and Batman. Robin had a nice solution, he cut him a mask from our black cloth toolbag and made him a bat-symbol for his collar.\n\nWhile I tried to use Ace to locate his master a response from the ad revealed that John Wilker, who was missing at that time, had bought his trained dog because he lives alone and is away from home all day.\n\nI remember those days vividly. Ace helped out while we had him, he caught criminals and even helped Robin locate a missing child. Anyways, long story short! We reunited Wilker and Ace and he was kind enough to loan us Ace for a few missions the next three years, but when Wilker took a new job which required a lot of traveling he wanted me to take care of Ace for him.\n\nHere's a picture of me and my brave canine Ace:\n![](https://s-media-cache-ak0.pinimg.com/originals/cc/3a/dc/cc3adc2e92f86e7482742478fcbe055a.jpg)\n",
      "threadId": "-KsjWehQ--apjDBwSBCY",
      "userId": "VXjpr2WHa8Ux4Bnggym8QFLdv5C3",
      ".key": "-KsjnAAjzfpznUVh4DSa"
    },
    "-KsjpzIeFTdcsBIPvUfQ": {
      "edited": {
        "at": 1504041399,
        "by": "u4r8XCziZEWEXsj2UIKNHBoDh0n2",
        "moderated": false
      },
      "publishedAt": 1504041235,
      "text": "I've stalked the forum for a while, reading everything closely, but today I decided that it was time to register as a user. \n\nSo I did, this morning! But now, when I came back to the forum, I cannot seem to find the damn sign in button?\n\n***WHERE IS IT???!??***",
      "threadId": "-KsjpzIeFTdcsBIPvUfP",
      "userId": "u4r8XCziZEWEXsj2UIKNHBoDh0n2",
      ".key": "-KsjpzIeFTdcsBIPvUfQ"
    },
    "-KsjrmB3IBCu-u-09qQb": {
      "publishedAt": 1504041706,
      "text": "Why are you so stupid @joker?",
      "threadId": "-KsjpzIeFTdcsBIPvUfP",
      "userId": "VXjpr2WHa8Ux4Bnggym8QFLdv5C3",
      ".key": "-KsjrmB3IBCu-u-09qQb"
    },
    "-KsjtHy6c__hABJWW9i7": {
      "edited": {
        "at": 1504624718,
        "by": "rpbB8C6ifrYmNDufMERWfQUoa202",
        "moderated": true
      },
      "publishedAt": 1504042102,
      "text": "lol @joker, are you joking? The sign in button is hidden since you **already are** signed in.\n\nClick your name in the top right corner and log out, then the sign in **button** will appear again.",
      "threadId": "-KsjpzIeFTdcsBIPvUfP",
      "userId": "jVa6Go6Nl1Urkag1R2p9CHTf4ny1",
      ".key": "-KsjtHy6c__hABJWW9i7"
    },
    "-KsjtRwwzHCcV55pKaQ-": {
      "publishedAt": 1504042143,
      "text": "@robin why are you helping him? I thought you where my sidekick! ",
      "threadId": "-KsjpzIeFTdcsBIPvUfP",
      "userId": "VXjpr2WHa8Ux4Bnggym8QFLdv5C3",
      ".key": "-KsjtRwwzHCcV55pKaQ-"
    },
    "-KsjtiVE35Z19p-ziUvt": {
      "edited": {
        "at": 1504042227,
        "by": "u4r8XCziZEWEXsj2UIKNHBoDh0n2",
        "moderated": false
      },
      "publishedAt": 1504042215,
      "text": "Great, thanks!",
      "threadId": "-KsjpzIeFTdcsBIPvUfP",
      "userId": "u4r8XCziZEWEXsj2UIKNHBoDh0n2",
      ".key": "-KsjtiVE35Z19p-ziUvt"
    },
    "-KsjtoTygN9LMFJxNPsU": {
      "edited": {
        "at": 1504042247,
        "by": "u4r8XCziZEWEXsj2UIKNHBoDh0n2",
        "moderated": false
      },
      "publishedAt": 1504042240,
      "text": "Why can't I DELETE my thread!?!?!?!? Stupid forum!",
      "threadId": "-KsjpzIeFTdcsBIPvUfP",
      "userId": "u4r8XCziZEWEXsj2UIKNHBoDh0n2",
      ".key": "-KsjtoTygN9LMFJxNPsU"
    },
    "-Ksjv9T5uc5wP1BH2g7P": {
      "publishedAt": 1504042592,
      "text": "I would like to be a pig, this way I would be filthy rich.",
      "threadId": "-Ksjv9T5uc5wP1BH2g7O",
      "userId": "L664y3qZSubDbT1R6npC0EEybJ73",
      ".key": "-Ksjv9T5uc5wP1BH2g7P"
    },
    "-KsjwU_A01lZRcljDlOq": {
      "publishedAt": 1504042940,
      "text": "what the title said.",
      "threadId": "-KsjwU_A01lZRcljDlOp",
      "userId": "u4r8XCziZEWEXsj2UIKNHBoDh0n2",
      ".key": "-KsjwU_A01lZRcljDlOq"
    },
    "-KsjwhQb4AQUyXbWhItY": {
      "edited": {
        "at": 1504043066,
        "by": "jVa6Go6Nl1Urkag1R2p9CHTf4ny1",
        "moderated": false
      },
      "publishedAt": 1504042997,
      "reactions": {
        "❤️": {
          "Miej9zSGMRZKDvMXzfxjVOyv3RF3": "Miej9zSGMRZKDvMXzfxjVOyv3RF3"
        }
      },
      "text": "**How do you count cows?**\nWith a cowculator\n\n\n**Can a kangaroo jump higher than the Empire State Building?**\nOf course. The Empire State Building can't jump.\n\n\nWhahaha, so funny!",
      "threadId": "-KsjwU_A01lZRcljDlOp",
      "userId": "jVa6Go6Nl1Urkag1R2p9CHTf4ny1",
      ".key": "-KsjwhQb4AQUyXbWhItY"
    },
    "-KsjxMazDmuyf0VMVbCG": {
      "edited": {
        "at": 1509978837,
        "by": "VXjpr2WHa8Ux4Bnggym8QFLdv5C3",
        "moderated": false
      },
      "publishedAt": 1504043170,
      "reactions": {
        "👎": {
          "Miej9zSGMRZKDvMXzfxjVOyv3RF3": "Miej9zSGMRZKDvMXzfxjVOyv3RF3"
        }
      },
      "text": "@Joker:u4r8XCziZEWEXsj2UIKNHBoDh0n2 is so stupid, he tried to save a fish from drowning.",
      "threadId": "-KsjwU_A01lZRcljDlOp",
      "userId": "VXjpr2WHa8Ux4Bnggym8QFLdv5C3",
      ".key": "-KsjxMazDmuyf0VMVbCG"
    },
    "-KsjxWRiADCvcsvnL0Ds": {
      "publishedAt": 1504043210,
      "text": "Not funny bat boy!",
      "threadId": "-KsjwU_A01lZRcljDlOp",
      "userId": "u4r8XCziZEWEXsj2UIKNHBoDh0n2",
      ".key": "-KsjxWRiADCvcsvnL0Ds"
    },
    "-Kt2s70sjjx2Xwi3yyk3": {
      "publishedAt": 1504377340,
      "text": "Hi there guys! 😎",
      "threadId": "-KsjpzIeFTdcsBIPvUfP",
      "userId": "u4r8XCziZEWEXsj2UIKNHBoDh0n2",
      ".key": "-Kt2s70sjjx2Xwi3yyk3"
    },
    "-Kt2tjFsLkYONW35Or8c": {
      "edited": {
        "at": 1504600554,
        "by": "rpbB8C6ifrYmNDufMERWfQUoa202",
        "moderated": true
      },
      "publishedAt": 1504377762,
      "text": "**deleted for inappropriate language**",
      "threadId": "-KsjpzIeFTdcsBIPvUfP",
      "userId": "u4r8XCziZEWEXsj2UIKNHBoDh0n2",
      ".key": "-Kt2tjFsLkYONW35Or8c"
    },
    "-KtHbw4VIjNSdOsfOftO": {
      "publishedAt": 1504624755,
      "text": "Hi there",
      "threadId": "-KsjwU_A01lZRcljDlOp",
      "userId": "rpbB8C6ifrYmNDufMERWfQUoa202",
      ".key": "-KtHbw4VIjNSdOsfOftO"
    },
    "-KvcmrN1WpXOUp1yWrJd": {
      "edited": {
        "at": 1507144557,
        "by": "ALXhxjwgY9PinwNGHpfai6OWyDu2",
        "moderated": false
      },
      "publishedAt": 1507144199,
      "text": "The title says it all, imma start!\n\n![](https://tr3.cbsistatic.com/hub/i/2017/03/23/fd2cfe38-d0b2-4fee-9450-03b3d5f521d8/c3f153e108263291254737cffd045982/funnytechmemes1thumb800.jpg)",
      "threadId": "-KvcmrN1WpXOUp1yWrJc",
      "userId": "ALXhxjwgY9PinwNGHpfai6OWyDu2",
      ".key": "-KvcmrN1WpXOUp1yWrJd"
    },
    "-KvcojkZchtDWwKJh4Fs": {
      "publishedAt": 1507144692,
      "text": "whahahaha!\n\n![](https://tr2.cbsistatic.com/hub/i/2017/03/23/e9249908-d3e2-4ae0-bda8-40f2f11bc692/45eba5716e7aeda3b263dab2ec5f8f2a/c6gpmznwmaqhwi.jpg)",
      "threadId": "-KvcmrN1WpXOUp1yWrJc",
      "userId": "jVa6Go6Nl1Urkag1R2p9CHTf4ny1",
      ".key": "-KvcojkZchtDWwKJh4Fs"
    },
    "-Kvcpl2lxtVztykr82Bv": {
      "edited": {
        "at": 1507144994,
        "by": "VXjpr2WHa8Ux4Bnggym8QFLdv5C3",
        "moderated": false
      },
      "publishedAt": 1507144960,
      "text": "@Joker:u4r8XCziZEWEXsj2UIKNHBoDh0n2 😂\n\n![](https://tr2.cbsistatic.com/hub/i/2017/05/30/bf63d9d4-0cfe-423c-935e-df4fa858c592/ae6197c296d559914c4d10479929ed09/maury-meme.jpg)",
      "threadId": "-KvcmrN1WpXOUp1yWrJc",
      "userId": "VXjpr2WHa8Ux4Bnggym8QFLdv5C3",
      ".key": "-Kvcpl2lxtVztykr82Bv"
    },
    "-KvctYeu0_BpWh28-98h": {
      "edited": {
        "at": 1507148115,
        "by": "u4r8XCziZEWEXsj2UIKNHBoDh0n2",
        "moderated": false
      },
      "publishedAt": 1507145954,
      "text": "In Jamaica you can get a steak and kidney pie for $1.75, a chicken and mushroom pie for $1.60 and an apple pie for $2.15. In St Kitts and Nevis a steak and kidney pie will cost you $2, a chicken pie (without mushrooms) is $1.70 and a cherry pie can be yours for $1.95. In Trinidad and Tobago, that steak and kidney pie comes in at $2.50, but you can buy two for $3.50, while the chicken and mushroom pie is $2.25, or two for $3.25. They also offer meat and potato pie for $2, or two for $3. Their apple pies and cherry pies are often sold for $2.75, or two (any combination) for $4.75.\n\nThose my friends are the Pie Rates of the Caribbean.",
      "threadId": "-KvctYeu0_BpWh28-98g",
      "userId": "u4r8XCziZEWEXsj2UIKNHBoDh0n2",
      ".key": "-KvctYeu0_BpWh28-98h"
    },
    "-Kvctq1WiVDCH6umxdBI": {
      "edited": {
        "at": 1507146763,
        "by": "ALXhxjwgY9PinwNGHpfai6OWyDu2",
        "moderated": true
      },
      "publishedAt": 1507146029,
      "text": "The teacher ask the class to use dandelion in a sentence, where upon the Jamaican answers: *De cheeta is faster dandelion*.\n\n\nroflmaolol\n\n![](https://gracecatalogue.files.wordpress.com/2017/01/lol.gif?w=656&h=300)",
      "threadId": "-KvctYeu0_BpWh28-98g",
      "userId": "u4r8XCziZEWEXsj2UIKNHBoDh0n2",
      ".key": "-Kvctq1WiVDCH6umxdBI"
    },
    "-KvcuHWQOc20ek14CYdR": {
      "edited": {
        "at": 1507146183,
        "by": "jVa6Go6Nl1Urkag1R2p9CHTf4ny1",
        "moderated": false
      },
      "publishedAt": 1507146145,
      "text": "@Joker:u4r8XCziZEWEXsj2UIKNHBoDh0n2 Why did the pie go to a dentist?",
      "threadId": "-KvctYeu0_BpWh28-98g",
      "userId": "jVa6Go6Nl1Urkag1R2p9CHTf4ny1",
      ".key": "-KvcuHWQOc20ek14CYdR"
    },
    "-KvcuY9ONBumd6xcu4ah": {
      "publishedAt": 1507146214,
      "text": "@robin:jVa6Go6Nl1Urkag1R2p9CHTf4ny1 don't know, since it had holes?",
      "threadId": "-KvctYeu0_BpWh28-98g",
      "userId": "jVa6Go6Nl1Urkag1R2p9CHTf4ny1",
      ".key": "-KvcuY9ONBumd6xcu4ah"
    },
    "-KvcvqCbyYIBnaDP70Rp": {
      "publishedAt": 1507146554,
      "text": "@Joker:u4r8XCziZEWEXsj2UIKNHBoDh0n2 Because he needed a filling!",
      "threadId": "-KvctYeu0_BpWh28-98g",
      "userId": "jVa6Go6Nl1Urkag1R2p9CHTf4ny1",
      ".key": "-KvcvqCbyYIBnaDP70Rp"
    },
    "-KvcwywxaxxIfsHR88wb": {
      "publishedAt": 1507146852,
      "text": "Is there anyone else having a unique collection of endangered animals?",
      "threadId": "-KvcwywxaxxIfsHR88wa",
      "userId": "L664y3qZSubDbT1R6npC0EEybJ73",
      ".key": "-KvcwywxaxxIfsHR88wb"
    },
    "-KvcyXMXqay-tm4mSboX": {
      "publishedAt": 1507147259,
      "text": "What's The Difference Between @batman:VXjpr2WHa8Ux4Bnggym8QFLdv5C3 & A Robber?\n\n\n- Batman can go into a store without @robin:jVa6Go6Nl1Urkag1R2p9CHTf4ny1!! ",
      "threadId": "-KvcyXMXqay-tm4mSboW",
      "userId": "jVa6Go6Nl1Urkag1R2p9CHTf4ny1",
      ".key": "-KvcyXMXqay-tm4mSboX"
    },
    "-Kvcz27LxAZBHGjpw-CZ": {
      "publishedAt": 1507147393,
      "text": "Excellent!",
      "threadId": "-KvcyXMXqay-tm4mSboW",
      "userId": "L664y3qZSubDbT1R6npC0EEybJ73",
      ".key": "-Kvcz27LxAZBHGjpw-CZ"
    },
    "-KvcznR3t-85NHxtf--l": {
      "publishedAt": 1507147591,
      "text": "What happens when @batman:VXjpr2WHa8Ux4Bnggym8QFLdv5C3 sees Catwoman?\n\n\n- The Dark Knight rises!",
      "threadId": "-KvcyXMXqay-tm4mSboW",
      "userId": "u4r8XCziZEWEXsj2UIKNHBoDh0n2",
      ".key": "-KvcznR3t-85NHxtf--l"
    },
    "-Kvd-bsFPb98Z7Y0iu62": {
      "edited": {
        "at": 1507147817,
        "by": "u4r8XCziZEWEXsj2UIKNHBoDh0n2",
        "moderated": false
      },
      "publishedAt": 1507147806,
      "text": "Oh, you should have seen the face of little @robin:jVa6Go6Nl1Urkag1R2p9CHTf4ny1 when he thought @batman:VXjpr2WHa8Ux4Bnggym8QFLdv5C3 was giving him the batmobile. \n\nAll he got was **555-522-8626!**\n\n#WipingMyLaughterTears",
      "threadId": "-KvcyXMXqay-tm4mSboW",
      "userId": "u4r8XCziZEWEXsj2UIKNHBoDh0n2",
      ".key": "-Kvd-bsFPb98Z7Y0iu62"
    },
    "-Kvd-w-TTMc3Wj-U5JFx": {
      "publishedAt": 1507147888,
      "text": "That's not funny @Joker:u4r8XCziZEWEXsj2UIKNHBoDh0n2!!!\n\nBy the way? Do you know where my goldfish lives?\n\n\n# In the bat tub",
      "threadId": "-KvcyXMXqay-tm4mSboW",
      "userId": "VXjpr2WHa8Ux4Bnggym8QFLdv5C3",
      ".key": "-Kvd-w-TTMc3Wj-U5JFx"
    },
    "-Kvd3TvfJogbWreitADe": {
      "publishedAt": 1507148818,
      "reactions": {
        "👎": {
          "VXjpr2WHa8Ux4Bnggym8QFLdv5C3": "VXjpr2WHa8Ux4Bnggym8QFLdv5C3"
        }
      },
      "text": "What is the best fishing line on the marked today?\n\nPrice doesn't matter.",
      "threadId": "-Kvd3TvfJogbWreitADd",
      "userId": "7uVPJS9GHoftN58Z2MXCYDqmNAh2",
      ".key": "-Kvd3TvfJogbWreitADe"
    },
    "-KvdBp4adHJpppQWc3sJ": {
      "publishedAt": 1507151006,
      "text": "When I want lobster for dinner I usually go out four-five days before I plan to eat them to make sure I catch any. I then go down to the pots daily to feed them, keeping them fresh until I'm going to serve them for dinner.\n\nThis works  well for me, but sometimes I spend a couple of days getting the lobster. This feels very uncertain. I know this is nature, but do you have any tips on how I can improve my catch? :)",
      "threadId": "-KvdBp4adHJpppQWc3sI",
      "userId": "7uVPJS9GHoftN58Z2MXCYDqmNAh2",
      ".key": "-KvdBp4adHJpppQWc3sJ"
    },
    "-KvdDmJtvxFMHECuKKLX": {
      "edited": {
        "at": 1507151537,
        "by": "7uVPJS9GHoftN58Z2MXCYDqmNAh2",
        "moderated": false
      },
      "publishedAt": 1507151519,
      "text": "I've never made quinoa before, but I've expreienced big difference in the quinoa I've been served.\n\nAny tips on how I can ensure that it will be fluffy and delicious?",
      "threadId": "-KvdDmJtvxFMHECuKKLW",
      "userId": "7uVPJS9GHoftN58Z2MXCYDqmNAh2",
      ".key": "-KvdDmJtvxFMHECuKKLX"
    },
    "-KvdFThKmnsu9kXOlS3N": {
      "publishedAt": 1507151965,
      "reactions": {
        "❤️": {
          "7uVPJS9GHoftN58Z2MXCYDqmNAh2": "7uVPJS9GHoftN58Z2MXCYDqmNAh2"
        }
      },
      "text": "Hi @tunajoe:7uVPJS9GHoftN58Z2MXCYDqmNAh2,\n\nYou should first rins your quinoa, then I always like to toast the seeds (for extra flavour) before I bring the liquids to a boil.\n\nWhen you have that rolling boil, you add the quinoa and lower the heat to low. Cook for about 15 minuts under lid, until the liquid is gone and then remove the pot from the heat. Leave covered for an additional 5 minutes to let the quinoa settle.\n\nFluff the quinoa with a fork before serving.\n\n2:1 liquids:quinoa\nFor extra flavour you can use a broth/stock instead of water.\n\n\nI hope this was helpful :)",
      "threadId": "-KvdDmJtvxFMHECuKKLW",
      "userId": "ALXhxjwgY9PinwNGHpfai6OWyDu2",
      ".key": "-KvdFThKmnsu9kXOlS3N"
    },
    "-KvdFbzM8tu64CKVW60V": {
      "publishedAt": 1507152001,
      "text": "Thank you @rah:ALXhxjwgY9PinwNGHpfai6OWyDu2, that sounds delicious! I'll defenitly try toasting and broth the next time.\n",
      "threadId": "-KvdDmJtvxFMHECuKKLW",
      "userId": "7uVPJS9GHoftN58Z2MXCYDqmNAh2",
      ".key": "-KvdFbzM8tu64CKVW60V"
    },
    "-KvdFe4GnBBURhuRY5OZ": {
      "publishedAt": 1507152011,
      "text": "You're welcome :)",
      "threadId": "-KvdDmJtvxFMHECuKKLW",
      "userId": "ALXhxjwgY9PinwNGHpfai6OWyDu2",
      ".key": "-KvdFe4GnBBURhuRY5OZ"
    },
    "-Kvfw0huq0j2O00bOiWd": {
      "publishedAt": 1507196933,
      "text": "Sorry Chap! I don't hunt lobster.",
      "threadId": "-KvdBp4adHJpppQWc3sI",
      "userId": "NnooaWj4KHVxbhKwO1pEdfaQDsD2",
      ".key": "-Kvfw0huq0j2O00bOiWd"
    },
    "-KvfyDwSUGBojOO4OKyY": {
      "publishedAt": 1507197511,
      "text": "* Turn the grill on, make it hot as hell\n* Clean the gridiron when heated\n* Gently place your (marinated/seasoned) fish on the grill, skin side down\n* Don't touch it until it let go of the gridiron\n* When you can move the fillet without it breaking into peaces you can gently flip it and let it cook for a couple of minutes\n* Enjoy the fish!\n\nIt's important that you do not try to move the fillet around when it's on the first (skin) side. The pores will close as the liquids evaporate and it will form a crust. When the crust is formed it will automatically let go of the grill and you can move it without breaking your beautiful fillet.\n",
      "threadId": "-KvfyDwSUGBojOO4OKyX",
      "userId": "7uVPJS9GHoftN58Z2MXCYDqmNAh2",
      ".key": "-KvfyDwSUGBojOO4OKyY"
    },
    "-KvfyiF5JP_DJ4HwRhRd": {
      "publishedAt": 1507197639,
      "text": "I prefer to pack my fish in alu-foil and throw it in the bonfire. Always results in a perfect meal!\n\nFlames > Gass",
      "threadId": "-KvfyDwSUGBojOO4OKyX",
      "userId": "NnooaWj4KHVxbhKwO1pEdfaQDsD2",
      ".key": "-KvfyiF5JP_DJ4HwRhRd"
    },
    "-Kvfz9EMh1i8uvLRrEGz": {
      "edited": {
        "at": 1507198392,
        "by": "NnooaWj4KHVxbhKwO1pEdfaQDsD2",
        "moderated": false
      },
      "publishedAt": 1507197754,
      "text": "## \"Knock Knock\"\n### - Who's there?\n## \"Europe\"\n### - Europe who?\n\n\n## \"No, you're a poo!\"\n\n\n\nhahaha. So darn funny!",
      "threadId": "-Kvfz9ELFDiz_50c1axQ",
      "userId": "NnooaWj4KHVxbhKwO1pEdfaQDsD2",
      ".key": "-Kvfz9EMh1i8uvLRrEGz"
    },
    "-Kvg0kUf4Bg7zzeKzDdU": {
      "publishedAt": 1507198435,
      "text": "bump...",
      "threadId": "-KvcwywxaxxIfsHR88wa",
      "userId": "L664y3qZSubDbT1R6npC0EEybJ73",
      ".key": "-Kvg0kUf4Bg7zzeKzDdU"
    },
    "-Kvg1VJ3aG_kB72Ps3FW": {
      "publishedAt": 1507198631,
      "text": "I agree with you Joey! I don't grill my fish if he doesn't wear his skin.",
      "threadId": "-KvfyDwSUGBojOO4OKyX",
      "userId": "L664y3qZSubDbT1R6npC0EEybJ73",
      ".key": "-Kvg1VJ3aG_kB72Ps3FW"
    },
    "-KvgL0BNLNz4cJhQjdP5": {
      "edited": {
        "at": 1507203789,
        "by": "f5xvKdIPQdSrUtT6i3UiHYttRXO2",
        "moderated": false
      },
      "publishedAt": 1507203748,
      "text": "https://en.wikipedia.org/wiki/Toyota_RAV4\n\nThe Toyota RAV4 is a compact crossover SUV (sport utility vehicle) produced by the Japanese automobile manufacturer Toyota. This was the first compact crossover SUV;[1] it made its debut in Japan and Europe in 1994,[2] and in North America in 1995. The vehicle was designed for consumers wanting a vehicle that had most of the benefits of SUVs, such as increased cargo room, higher visibility, and the option of full-time four-wheel drive, along with the maneuverability and fuel economy of a compact car. Although not all RAV4s are four-wheel-drive, RAV4 stands for \"Recreational Activity Vehicle: 4-wheel drive\", because the aforementioned equipment is an option in select countries.\n\nIn most markets, the RAV4 is the only compact SUV or crossover available from Toyota. In other markets, it is the crossover counterpart of the Toyota FJ Cruiser.\n\nSince the 2006 third generation model, Toyota has offered both short- and long-wheelbase versions of the RAV4. Short-wheelbase versions are sold in Japan and Europe; long-wheelbase versions in Australia and North America. Toyota of Japan also sells the longer-wheelbase version as the Toyota Vanguard, at Toyopet Store locations. Japanese versions are sold at two different Toyota Japanese dealerships, called Toyota Corolla Store and Toyota NETZ Store.",
      "threadId": "-KvgL0BNLNz4cJhQjdP4",
      "userId": "f5xvKdIPQdSrUtT6i3UiHYttRXO2",
      ".key": "-KvgL0BNLNz4cJhQjdP5"
    },
    "-KvgM0hiRDPqJzuJgnLv": {
      "publishedAt": 1507204012,
      "text": "The first generation RAV4, known as the XA10 series was constructed on a unique platform that shared Carina and Corolla elements.[4] It launched in Japan in May 1994.\n\nThe XA10 series was offered in both three- and five-door versions. In the US, a 2.0-liter straight-four producing 89 kW (119 hp; 121 PS) was offered. Both front-wheel drive and all-wheel drive were available, and the RAV4 could be had with either a five-speed manual or four-speed automatic transmission. It was named the 1997 Automobile of the Year by Automobile Magazine. In 1997 for the 1998 model year, the RAV4 was slightly restyled on the front and rear fascias, and a soft top three-door was made available. Power was increased slightly to 95 kW (127 hp; 129 PS). In June 1999, the two-door hardtop was dropped from the American lineup, leaving the five-door and soft top models. In Japan, the 2.0-liter 3S-GE BEAMS engine with 132 kW (177 hp; 179 PS) was also available. Some variants of the 1998 Toyota RAV4 were labeled as SXA11 rather than XA10, paired with an owner given name of \"RAV 4.1\". ",
      "threadId": "-KvgL0BNLNz4cJhQjdP4",
      "userId": "7uVPJS9GHoftN58Z2MXCYDqmNAh2",
      ".key": "-KvgM0hiRDPqJzuJgnLv"
    },
    "-KvgMqM-1LXi7MqOHGvv": {
      "publishedAt": 1507204228,
      "text": "The second generation, XA20 series RAV4 went on sale in July 2000. Like the previous model, the XA20 was available in three- and five-door configurations and was constructed on a platform that shared Carina and Corolla elements. Development began in 1995, with a design freeze in the first half of 1998. Styling was done at Calty Design Research Incorporated (also simply known as Calty) by Yasuhide Hosoda and Kevin Hunter from 1996 to 1997.",
      "threadId": "-KvgL0BNLNz4cJhQjdP4",
      "userId": "NnooaWj4KHVxbhKwO1pEdfaQDsD2",
      ".key": "-KvgMqM-1LXi7MqOHGvv"
    },
    "-KvgMuTyGARyASYZ-jyJ": {
      "edited": {
        "at": 1507204253,
        "by": "f5xvKdIPQdSrUtT6i3UiHYttRXO2",
        "moderated": false
      },
      "publishedAt": 1507204245,
      "text": "The second generation RAV4 was originally offered in a number of trim levels in the UK: NV was front-wheel drive, while NRG, GX, and VX were permanent four-wheel drive with differing levels of equipment.[9] Although the RAV4 was available as a three-door in Europe, Asia and Australia, the American model was now only available in a five-door configuration. A 1.8-liter inline-four engine (only with 2WD) producing 92 kW (123 hp; 125 PS), 2.0-liter inline-four engine producing 110 kW (150 hp; 150 PS), 2.4-liter inline-four engine producing 118 kW (158 hp; 160 PS), and a D-4D diesel engine were available. \n\nSome RAV4s came with anti-lock braking system, electronic stability control, air conditioning, a height-adjustable driver's seat, cruise control, a six-speaker CD stereo and power windows, mirrors and seats. A sport package added a mesh grille, bonnet scoop, colour-keyed door handles, a roof rack, silver sport pedals, heated mirrors, gray-painted bumpers and fender flares, and sport fabric seats. Other options included alloy wheels, heated seats, a sunroof and keyless entry. 16-inch wheels were standard; larger tires were available on all-wheel-drive models.",
      "threadId": "-KvgL0BNLNz4cJhQjdP4",
      "userId": "f5xvKdIPQdSrUtT6i3UiHYttRXO2",
      ".key": "-KvgMuTyGARyASYZ-jyJ"
    },
    "-KvgOAeYDKON22qBjHWR": {
      "edited": {
        "at": 1507206699,
        "by": "7uVPJS9GHoftN58Z2MXCYDqmNAh2",
        "moderated": false
      },
      "publishedAt": 1507204578,
      "text": "The BMW 3 Series is an entry-level luxury car manufactured by the German automaker BMW since May 1975. It is the successor to the 02 Series and has been produced in six different generations.\n\nThe first generation of the 3 Series was only available as a 2-door sedan, however the model range has since expanded to include a 4-door sedan, 2-door convertible, 2-door coupé, 5-door station wagon and 5-door hatchback body styles. Since 2013, the coupé and convertible models have been marketed as the 4 Series, therefore the 3 Series range no longer includes these body styles.\n\nThe 3 Series is BMW's best-selling model, accounting for around 30% of the BMW brand's annual total sales (excluding motorbikes).[1] The BMW 3 Series has won numerous awards throughout its history.\n\nhttps://en.wikipedia.org/wiki/BMW_3_Series",
      "threadId": "-KvgOAeYDKON22qBjHWQ",
      "userId": "7uVPJS9GHoftN58Z2MXCYDqmNAh2",
      ".key": "-KvgOAeYDKON22qBjHWR"
    },
    "-KvgTpPYkAoq8WoSz46g": {
      "publishedAt": 1507206059,
      "text": "The E21 replaced the 02 Series and was initially available as a 2-door sedan (also described as coupe).\n\nAt launch, all models used carburetted 4-cylinder engines, however fuel injected models were introduced in late 1975 and 6-cylinder engines were added in 1977. A cabriolet body style – manufactured by Baur – was available from 1978 to 1981.",
      "threadId": "-KvgOAeYDKON22qBjHWQ",
      "userId": "VXjpr2WHa8Ux4Bnggym8QFLdv5C3",
      ".key": "-KvgTpPYkAoq8WoSz46g"
    },
    "-KvgWFVq1pX_QbFmlG-5": {
      "publishedAt": 1507206693,
      "text": "Initially, the E30 was produced solely in the two-door sedan body style. Four-door sedan models were introduced in 1983, convertibles were introduced in 1985 and estate (\"Touring\") models were introduced in 1987.\n\nThe E30 was the first 3 Series to be available in wagon and four-door sedan body styles. It was also the first 3 Series to offer a diesel engine, and all-wheel drive was introduced to the 3 Series range with the 325iX model. The BMW Z1 roadster was based on the E30 platform.\n\nThe first BMW M3 was built on the E30 platform. The E30 M3 is powered by the high-revving S14 four-cylinder petrol engine, which produced 175 kW (235 hp) in its final European-only iteration.",
      "threadId": "-KvgOAeYDKON22qBjHWQ",
      "userId": "7uVPJS9GHoftN58Z2MXCYDqmNAh2",
      ".key": "-KvgWFVq1pX_QbFmlG-5"
    },
    "-KvgWYb4YkaFCfCzA_Ck": {
      "edited": {
        "at": 1507206856,
        "by": "7uVPJS9GHoftN58Z2MXCYDqmNAh2",
        "moderated": false
      },
      "publishedAt": 1507206773,
      "reactions": {
        "👍": {
          "NnooaWj4KHVxbhKwO1pEdfaQDsD2": "NnooaWj4KHVxbhKwO1pEdfaQDsD2"
        }
      },
      "text": "Fabbrica Italiana Automobili Torino (Italian Automobile Factory of Turin). Did you know?\n\nFIAT was an Italian holding company whose original and core activities were in the automotive industry, and that was succeeded by Fiat Chrysler Automobiles NV (FCA). The Fiat Group contained many brands such as Ferrari, Maserati, Fiat, Alfa Romeo, the Chrysler Group, and many more. On 29 January 2014, it was announced that Fiat S.p.A. (the former owner of Fiat Group) was to be merged into a new Netherlands-based holding company Fiat Chrysler Automobiles NV (FCA), took place before the end of 2014. Fiat Chrysler Automobiles became the new owner of Fiat Group.[3] On 1 August 2014, Fiat S.p.A. received necessary shareholder approval to proceed with the merger (which followed board approval).[4] The merger became effective 12 October 2014\n\nhttps://en.wikipedia.org/wiki/Fiat_S.p.A.",
      "threadId": "-KvgWYb4YkaFCfCzA_Cj",
      "userId": "7uVPJS9GHoftN58Z2MXCYDqmNAh2",
      ".key": "-KvgWYb4YkaFCfCzA_Ck"
    },
    "-Kvgb3soiG4TmOZ7I_xm": {
      "publishedAt": 1507208220,
      "text": "Do you know which group is biggest?",
      "threadId": "-Kvgb3soiG4TmOZ7I_xl",
      "userId": "f5xvKdIPQdSrUtT6i3UiHYttRXO2",
      ".key": "-Kvgb3soiG4TmOZ7I_xm"
    },
    "-KvgbTO3-L9eOTzrxhs3": {
      "publishedAt": 1507208324,
      "reactions": {
        "👍": {
          "f5xvKdIPQdSrUtT6i3UiHYttRXO2": "f5xvKdIPQdSrUtT6i3UiHYttRXO2"
        }
      },
      "text": "Toyota with Daihatsu, Hino, Lexus and Toyota is bigger than Volkswagen AG with Audi, Bentley, Bugatti, Ducati, Lamborghini, MAN, Navistar International, Porsche, Scania, SEAT, Skoda, Volkswagen and VTB - according to Wikipedia (https://en.wikipedia.org/wiki/Automotive_industry#Top_vehicle_manufacturing_groups_by_volume).\n\nIf you compare the marques it doesn't look bigger, but I guess Wikipedia's always right.",
      "threadId": "-Kvgb3soiG4TmOZ7I_xl",
      "userId": "7uVPJS9GHoftN58Z2MXCYDqmNAh2",
      ".key": "-KvgbTO3-L9eOTzrxhs3"
    },
    "-KvgeSqPO7yMjOPbSYB2": {
      "edited": {
        "at": 1507209362,
        "by": "7uVPJS9GHoftN58Z2MXCYDqmNAh2",
        "moderated": false
      },
      "publishedAt": 1507209109,
      "text": "Someone interested in the new Nissan Leaf?\n\nThe Nissan LEAF is 100% electric. Its 30 kWh lithium-ion battery, stores and provides power for the motor. The motor provides 187 lb-ft of torque right off the line, and 107 horsepower. Is it enough? \n\nThe new design is better than the previous model, but I'm not sure what I think about it.",
      "threadId": "-KvgeSqPO7yMjOPbSYB1",
      "userId": "7uVPJS9GHoftN58Z2MXCYDqmNAh2",
      ".key": "-KvgeSqPO7yMjOPbSYB2"
    },
    "-KvggPpwnevwqHunhXy9": {
      "publishedAt": 1507209621,
      "text": "A Three Wheeler is a vehicle with three wheels. Some are motorized tricycles, which may be legally classed as motorcycles, while others are tricycles without a motor, some of which are human powered vehicles and animal powered vehicles.\n\nMy question is. Do you like them or do you hate them?\n\nI'm also curious to know if anyone in the forum has a three wheeler.\n\nhttps://en.wikipedia.org/wiki/Three-wheeler",
      "threadId": "-KvggPpwnevwqHunhXy8",
      "userId": "NnooaWj4KHVxbhKwO1pEdfaQDsD2",
      ".key": "-KvggPpwnevwqHunhXy9"
    },
    "-KvggXxCEyQQlq6Z3gn0": {
      "publishedAt": 1507209654,
      "text": "I didn't know that. Thank you for the quick history lesson! :D",
      "threadId": "-KvgWYb4YkaFCfCzA_Cj",
      "userId": "NnooaWj4KHVxbhKwO1pEdfaQDsD2",
      ".key": "-KvggXxCEyQQlq6Z3gn0"
    },
    "-KvggzbFFFwafR2UV2PP": {
      "publishedAt": 1507209771,
      "text": "Mine is potatoes!",
      "threadId": "-KvggzbFFFwafR2UV2PO",
      "userId": "NnooaWj4KHVxbhKwO1pEdfaQDsD2",
      ".key": "-KvggzbFFFwafR2UV2PP"
    },
    "-Kvgi7kwtMGggjy3hRPO": {
      "publishedAt": 1507210071,
      "text": "You're standing on a pier, on a slippery rock in the water or on the cliff. What is the most exciting catch you can get?\n\nI've never catched a sea bass, but I've heard their very fun and tiresome to reel in. Anyone got any experience with the wild torpedoes?",
      "threadId": "-Kvgi7kwtMGggjy3hRPN",
      "userId": "NnooaWj4KHVxbhKwO1pEdfaQDsD2",
      ".key": "-Kvgi7kwtMGggjy3hRPO"
    },
    "-KvgjI6bfbWYlbYV5nds": {
      "publishedAt": 1507210375,
      "reactions": {
        "❤️": {
          "jUjmgCurRRdzayqbRMO7aTG9X1G2": "jUjmgCurRRdzayqbRMO7aTG9X1G2"
        },
        "💩": {
          "NnooaWj4KHVxbhKwO1pEdfaQDsD2": "NnooaWj4KHVxbhKwO1pEdfaQDsD2"
        }
      },
      "text": "We're proud to introduce a new feature to the forum. You can now react to a post by clicking the smily icon in the bottom right of a post :D",
      "threadId": "-KvgjI6bfbWYlbYV5ndr",
      "userId": "ALXhxjwgY9PinwNGHpfai6OWyDu2",
      ".key": "-KvgjI6bfbWYlbYV5nds"
    },
    "-KvhfY9Xq81wRkrWOl1a": {
      "publishedAt": 1507226169,
      "text": "What can I use to replace egg in bread dough?",
      "threadId": "-KvhfY9Xq81wRkrWOl1_",
      "userId": "f5xvKdIPQdSrUtT6i3UiHYttRXO2",
      ".key": "-KvhfY9Xq81wRkrWOl1a"
    },
    "-Kvhfofql-5yAv3TxH2M": {
      "edited": {
        "at": 1507226276,
        "by": "NnooaWj4KHVxbhKwO1pEdfaQDsD2",
        "moderated": false
      },
      "publishedAt": 1507226241,
      "text": "What do you think of pies that have multiple fillings?\n\nDo you prefer the original one filling pie, or do you enjoy experimenting with this classic dish?\n\nI cant decide, I guess it depends on my mood 😝",
      "threadId": "-KvhfofpGQZDLljV52k4",
      "userId": "NnooaWj4KHVxbhKwO1pEdfaQDsD2",
      ".key": "-Kvhfofql-5yAv3TxH2M"
    },
    "-Kvhg7cQD_anWm8x-WYT": {
      "publishedAt": 1507226322,
      "text": "Oh, I love pie! Alfred makes the best pies in the world!",
      "threadId": "-KvhfofpGQZDLljV52k4",
      "userId": "VXjpr2WHa8Ux4Bnggym8QFLdv5C3",
      ".key": "-Kvhg7cQD_anWm8x-WYT"
    },
    "-KvhgwEcF6xG6Ovmqedm": {
      "publishedAt": 1507226534,
      "text": "Is horseradish and Wasabi the same thing? I've heard so many different things. \n\n\nI want to know once and for all.",
      "threadId": "-KvhgwEcF6xG6Ovmqedl",
      "userId": "jVa6Go6Nl1Urkag1R2p9CHTf4ny1",
      ".key": "-KvhgwEcF6xG6Ovmqedm"
    },
    "-KvhhJEORgE9oljAwKOr": {
      "publishedAt": 1507226632,
      "text": "[quote={\"username\":\"robin\",\"date\":1507226534,\"text\":\"Is horseradish and Wasabi the same thing? I've heard so many different things.\"}]\n\nThey're not the same!",
      "threadId": "-KvhgwEcF6xG6Ovmqedl",
      "userId": "u4r8XCziZEWEXsj2UIKNHBoDh0n2",
      ".key": "-KvhhJEORgE9oljAwKOr"
    },
    "-KvhhSs4hYgi38l5XQ6i": {
      "publishedAt": 1507226671,
      "text": "[quote={\"username\":\"Joker\",\"date\":1507226632,\"text\":\"They're not the same!\"}]\n\nHow can i trust you, you're always full of jokes and what not!?\n",
      "threadId": "-KvhgwEcF6xG6Ovmqedl",
      "userId": "jVa6Go6Nl1Urkag1R2p9CHTf4ny1",
      ".key": "-KvhhSs4hYgi38l5XQ6i"
    },
    "-KvhhwVAy5847Uvyw6rT": {
      "edited": {
        "at": 1507226818,
        "by": "NnooaWj4KHVxbhKwO1pEdfaQDsD2",
        "moderated": false
      },
      "publishedAt": 1507226797,
      "text": "@Joker:u4r8XCziZEWEXsj2UIKNHBoDh0n2 is right, they're not the same. They are different plants from the same family (mustard/cabbage).\n\nThey are both very aromatic and potent, but wasabi is considered to be more potent.",
      "threadId": "-KvhgwEcF6xG6Ovmqedl",
      "userId": "NnooaWj4KHVxbhKwO1pEdfaQDsD2",
      ".key": "-KvhhwVAy5847Uvyw6rT"
    },
    "-Kvhj8GxcZOvvNrWCK-X": {
      "publishedAt": 1507227112,
      "text": "I absolutely love onions, but they hurt my eyes! Is there a way where you can chop onions without crying?",
      "threadId": "-Kvhj8GxcZOvvNrWCK-W",
      "userId": "u4r8XCziZEWEXsj2UIKNHBoDh0n2",
      ".key": "-Kvhj8GxcZOvvNrWCK-X"
    },
    "-KvhjGrRB9SpbH67jqbq": {
      "publishedAt": 1507227147,
      "text": "[quote={\"username\":\"Joker\",\"date\":1507227112,\"text\":\"they hurt my eyes!\"}]\n\nCrybaby...",
      "threadId": "-Kvhj8GxcZOvvNrWCK-W",
      "userId": "VXjpr2WHa8Ux4Bnggym8QFLdv5C3",
      ".key": "-KvhjGrRB9SpbH67jqbq"
    },
    "-Kxt1fwggVizCfCP5ybK": {
      "publishedAt": 1509564268,
      "reactions": {
        "👍": {
          "Miej9zSGMRZKDvMXzfxjVOyv3RF3": "Miej9zSGMRZKDvMXzfxjVOyv3RF3"
        }
      },
      "text": "[quote={\"username\":\"robin\",\"date\":1504042997,\"text\":\"With a cowculator\"}]\n\nwhahahah! Good one!",
      "threadId": "-KsjwU_A01lZRcljDlOp",
      "userId": "jUjmgCurRRdzayqbRMO7aTG9X1G2",
      ".key": "-Kxt1fwggVizCfCP5ybK"
    },
    "-KxxMMqcs7LiaJKB_u6D": {
      "publishedAt": 1509636791,
      "text": "I don't think this is funny 😌",
      "threadId": "-Kvfz9ELFDiz_50c1axQ",
      "userId": "jUjmgCurRRdzayqbRMO7aTG9X1G2",
      ".key": "-KxxMMqcs7LiaJKB_u6D"
    },
    "-KxxSma_8IeF6kjukwnv": {
      "publishedAt": 1509638478,
      "text": "I want to create some Chemical X to give super powers to a friend of mine. I asked professor and he refuses to give me the recipe. 😔\n\nDoes anyone here know how to do it? I made a research with no luck.\n\n",
      "threadId": "-KxxSma_8IeF6kjukwnu",
      "userId": "jUjmgCurRRdzayqbRMO7aTG9X1G2",
      ".key": "-KxxSma_8IeF6kjukwnv"
    },
    "-KxxSnNltjgIvlwAjmW9": {
      "edited": {
        "at": 1509638503,
        "by": "jUjmgCurRRdzayqbRMO7aTG9X1G2",
        "moderated": false
      },
      "publishedAt": 1509638478,
      "reactions": {
        "😄": {
          "jUjmgCurRRdzayqbRMO7aTG9X1G2": "jUjmgCurRRdzayqbRMO7aTG9X1G2"
        }
      },
      "text": "I want to create some Chemical X to give super powers to a friend of mine. I asked professor but he refuses to give me the recipe. 😔\n\nDoes anyone here know how to do it? I made a research with no luck.\n\n",
      "threadId": "-KxxSnNltjgIvlwAjmW8",
      "userId": "jUjmgCurRRdzayqbRMO7aTG9X1G2",
      ".key": "-KxxSnNltjgIvlwAjmW9"
    },
    "-KxxU6bYWl-6Xnu9g-56": {
      "publishedAt": 1509638822,
      "text": "Thank you @rah:ALXhxjwgY9PinwNGHpfai6OWyDu2 🎉",
      "threadId": "-KvgjI6bfbWYlbYV5ndr",
      "userId": "jUjmgCurRRdzayqbRMO7aTG9X1G2",
      ".key": "-KxxU6bYWl-6Xnu9g-56"
    },
    "-KxxZn1egW-9INEREC2K": {
      "publishedAt": 1509640311,
      "text": "Don't worry @blossom:jUjmgCurRRdzayqbRMO7aTG9X1G2, I am sure my brother will be happy to help you 😁",
      "threadId": "-KxxSnNltjgIvlwAjmW8",
      "userId": "Miej9zSGMRZKDvMXzfxjVOyv3RF3",
      ".key": "-KxxZn1egW-9INEREC2K"
    },
    "-Kxx_kFpMHmonma6v_dW": {
      "edited": {
        "at": 1509640583,
        "by": "Miej9zSGMRZKDvMXzfxjVOyv3RF3",
        "moderated": false
      },
      "publishedAt": 1509640561,
      "text": "What do you call a fish without an eye?\n\nFsh!",
      "threadId": "-KsjwU_A01lZRcljDlOp",
      "userId": "Miej9zSGMRZKDvMXzfxjVOyv3RF3",
      ".key": "-Kxx_kFpMHmonma6v_dW"
    }
  },
  "stats": {
    "postsCount": 23,
    "threadsCount": 5,
    "usersCount": 14,
    "usersOnline": 0
  },
  "threads": {
    "-KsjWehQ--apjDBwSBCY": {
      "contributors": {
        "FsCDAk9w8NeXEceLV87arpsXjnQ2": "FsCDAk9w8NeXEceLV87arpsXjnQ2",
        "L664y3qZSubDbT1R6npC0EEybJ73": "L664y3qZSubDbT1R6npC0EEybJ73",
        "VXjpr2WHa8Ux4Bnggym8QFLdv5C3": "VXjpr2WHa8Ux4Bnggym8QFLdv5C3"
      },
      "firstPostId": "-KsjWehQ--apjDBwSBCZ",
      "forumId": "-KsjPat5MWCx-dkjNVg8",
      "lastPostAt": 1504040497,
      "lastPostId": "-KsjnAAjzfpznUVh4DSa",
      "posts": {
        "-KsjWehQ--apjDBwSBCZ": "-KsjWehQ--apjDBwSBCZ",
        "-KsjefUiIuNkJieBc5Rq": "-KsjefUiIuNkJieBc5Rq",
        "-KsjfvciJhJnebrL4Iw7": "-KsjfvciJhJnebrL4Iw7",
        "-KsjnAAjzfpznUVh4DSa": "-KsjnAAjzfpznUVh4DSa"
      },
      "publishedAt": 1504035908,
      "slug": "what-kind-of-pet-do-you-have",
      "title": "What kind of pet do you have?",
      "userId": "ALXhxjwgY9PinwNGHpfai6OWyDu2",
      ".key": "-KsjWehQ--apjDBwSBCY"
    },
    "-KsjpzIeFTdcsBIPvUfP": {
      "contributors": {
        "VXjpr2WHa8Ux4Bnggym8QFLdv5C3": "VXjpr2WHa8Ux4Bnggym8QFLdv5C3",
        "jVa6Go6Nl1Urkag1R2p9CHTf4ny1": "jVa6Go6Nl1Urkag1R2p9CHTf4ny1",
        "u4r8XCziZEWEXsj2UIKNHBoDh0n2": "u4r8XCziZEWEXsj2UIKNHBoDh0n2"
      },
      "firstPostId": "-KsjpzIeFTdcsBIPvUfQ",
      "forumId": "-KsjO4_W3W9Q2Z2UmuPr",
      "lastPostAt": 1504377762,
      "lastPostId": "-Kt2tjFsLkYONW35Or8c",
      "posts": {
        "-KsjpzIeFTdcsBIPvUfQ": "-KsjpzIeFTdcsBIPvUfQ",
        "-KsjrmB3IBCu-u-09qQb": "-KsjrmB3IBCu-u-09qQb",
        "-KsjtHy6c__hABJWW9i7": "-KsjtHy6c__hABJWW9i7",
        "-KsjtRwwzHCcV55pKaQ-": "-KsjtRwwzHCcV55pKaQ-",
        "-KsjtiVE35Z19p-ziUvt": "-KsjtiVE35Z19p-ziUvt",
        "-KsjtoTygN9LMFJxNPsU": "-KsjtoTygN9LMFJxNPsU",
        "-Kt2s70sjjx2Xwi3yyk3": "-Kt2s70sjjx2Xwi3yyk3",
        "-Kt2tjFsLkYONW35Or8c": "-Kt2tjFsLkYONW35Or8c"
      },
      "publishedAt": 1504041235,
      "slug": "where-is-the-sign-in-button",
      "title": "Where is the sign in button??????!?!?!?!?",
      "userId": "u4r8XCziZEWEXsj2UIKNHBoDh0n2",
      ".key": "-KsjpzIeFTdcsBIPvUfP"
    },
    "-Ksjv9T5uc5wP1BH2g7O": {
      "firstPostId": "-Ksjv9T5uc5wP1BH2g7P",
      "forumId": "-KsjPat5MWCx-dkjNVg8",
      "lastPostAt": 1504042592,
      "lastPostId": "-Ksjv9T5uc5wP1BH2g7P",
      "posts": {
        "-Ksjv9T5uc5wP1BH2g7P": "-Ksjv9T5uc5wP1BH2g7P"
      },
      "publishedAt": 1504042592,
      "slug": "what-animal-would-you-like-to-be",
      "title": "What animal would you like to be?",
      "userId": "L664y3qZSubDbT1R6npC0EEybJ73",
      ".key": "-Ksjv9T5uc5wP1BH2g7O"
    },
    "-KsjwU_A01lZRcljDlOp": {
      "contributors": {
        "Miej9zSGMRZKDvMXzfxjVOyv3RF3": "Miej9zSGMRZKDvMXzfxjVOyv3RF3",
        "VXjpr2WHa8Ux4Bnggym8QFLdv5C3": "VXjpr2WHa8Ux4Bnggym8QFLdv5C3",
        "jUjmgCurRRdzayqbRMO7aTG9X1G2": "jUjmgCurRRdzayqbRMO7aTG9X1G2",
        "jVa6Go6Nl1Urkag1R2p9CHTf4ny1": "jVa6Go6Nl1Urkag1R2p9CHTf4ny1",
        "rpbB8C6ifrYmNDufMERWfQUoa202": "rpbB8C6ifrYmNDufMERWfQUoa202",
        "u4r8XCziZEWEXsj2UIKNHBoDh0n2": "u4r8XCziZEWEXsj2UIKNHBoDh0n2"
      },
      "firstPostId": "-KsjwU_A01lZRcljDlOq",
      "forumId": "-KsjPat5MWCx-dkjNVg8",
      "lastPostAt": 1509640561,
      "lastPostId": "-Kxx_kFpMHmonma6v_dW",
      "posts": {
        "-KsjwU_A01lZRcljDlOq": "-KsjwU_A01lZRcljDlOq",
        "-KsjwhQb4AQUyXbWhItY": "-KsjwhQb4AQUyXbWhItY",
        "-KsjxMazDmuyf0VMVbCG": "-KsjxMazDmuyf0VMVbCG",
        "-KsjxWRiADCvcsvnL0Ds": "-KsjxWRiADCvcsvnL0Ds",
        "-KtHbw4VIjNSdOsfOftO": "-KtHbw4VIjNSdOsfOftO",
        "-Kxt1fwggVizCfCP5ybK": "-Kxt1fwggVizCfCP5ybK",
        "-Kxx_kFpMHmonma6v_dW": "-Kxx_kFpMHmonma6v_dW"
      },
      "publishedAt": 1504042940,
      "slug": "what-is-the-best-animal-joke-you-know",
      "title": "What is the best animal joke you know?",
      "userId": "u4r8XCziZEWEXsj2UIKNHBoDh0n2",
      ".key": "-KsjwU_A01lZRcljDlOp"
    },
    "-KvcmrN1WpXOUp1yWrJc": {
      "contributors": {
        "VXjpr2WHa8Ux4Bnggym8QFLdv5C3": "VXjpr2WHa8Ux4Bnggym8QFLdv5C3",
        "jVa6Go6Nl1Urkag1R2p9CHTf4ny1": "jVa6Go6Nl1Urkag1R2p9CHTf4ny1"
      },
      "firstPostId": "-KvcmrN1WpXOUp1yWrJd",
      "forumId": "-KvcmOcppNYK8NCesmB9",
      "lastPostAt": 1507144960,
      "lastPostId": "-Kvcpl2lxtVztykr82Bv",
      "posts": {
        "-KvcmrN1WpXOUp1yWrJd": "-KvcmrN1WpXOUp1yWrJd",
        "-KvcojkZchtDWwKJh4Fs": "-KvcojkZchtDWwKJh4Fs",
        "-Kvcpl2lxtVztykr82Bv": "-Kvcpl2lxtVztykr82Bv"
      },
      "publishedAt": 1507144199,
      "slug": "what-is-the-funniest-meme-youve-ever-seen",
      "title": "What is the funniest meme you've ever seen?",
      "userId": "ALXhxjwgY9PinwNGHpfai6OWyDu2",
      ".key": "-KvcmrN1WpXOUp1yWrJc"
    },
    "-KvctYeu0_BpWh28-98g": {
      "contributors": {
        "jVa6Go6Nl1Urkag1R2p9CHTf4ny1": "jVa6Go6Nl1Urkag1R2p9CHTf4ny1",
        "u4r8XCziZEWEXsj2UIKNHBoDh0n2": "u4r8XCziZEWEXsj2UIKNHBoDh0n2"
      },
      "firstPostId": "-KvctYeu0_BpWh28-98h",
      "forumId": "-Kvclvu_Qd9QdS9ciqUl",
      "lastPostAt": 1507146554,
      "lastPostId": "-KvcvqCbyYIBnaDP70Rp",
      "posts": {
        "-KvctYeu0_BpWh28-98h": "-KvctYeu0_BpWh28-98h",
        "-Kvctq1WiVDCH6umxdBI": "-Kvctq1WiVDCH6umxdBI",
        "-KvcuHWQOc20ek14CYdR": "-KvcuHWQOc20ek14CYdR",
        "-KvcuY9ONBumd6xcu4ah": "-KvcuY9ONBumd6xcu4ah",
        "-KvcvqCbyYIBnaDP70Rp": "-KvcvqCbyYIBnaDP70Rp"
      },
      "publishedAt": 1507145954,
      "slug": "the-pie-rates",
      "title": "The Pie Rates",
      "userId": "u4r8XCziZEWEXsj2UIKNHBoDh0n2",
      ".key": "-KvctYeu0_BpWh28-98g"
    },
    "-KvcwywxaxxIfsHR88wa": {
      "contributors": {
        "L664y3qZSubDbT1R6npC0EEybJ73": "L664y3qZSubDbT1R6npC0EEybJ73"
      },
      "firstPostId": "-KvcwywxaxxIfsHR88wb",
      "forumId": "-KsjPat5MWCx-dkjNVg8",
      "lastPostAt": 1507198435,
      "lastPostId": "-Kvg0kUf4Bg7zzeKzDdU",
      "posts": {
        "-KvcwywxaxxIfsHR88wb": "-KvcwywxaxxIfsHR88wb",
        "-Kvg0kUf4Bg7zzeKzDdU": "-Kvg0kUf4Bg7zzeKzDdU"
      },
      "publishedAt": 1507146852,
      "slug": "endangered-animals",
      "title": "Endangered animals",
      "userId": "L664y3qZSubDbT1R6npC0EEybJ73",
      ".key": "-KvcwywxaxxIfsHR88wa"
    },
    "-KvcyXMXqay-tm4mSboW": {
      "contributors": {
        "L664y3qZSubDbT1R6npC0EEybJ73": "L664y3qZSubDbT1R6npC0EEybJ73",
        "VXjpr2WHa8Ux4Bnggym8QFLdv5C3": "VXjpr2WHa8Ux4Bnggym8QFLdv5C3",
        "u4r8XCziZEWEXsj2UIKNHBoDh0n2": "u4r8XCziZEWEXsj2UIKNHBoDh0n2"
      },
      "firstPostId": "-KvcyXMXqay-tm4mSboX",
      "forumId": "-Kvclvu_Qd9QdS9ciqUl",
      "lastPostAt": 1507147888,
      "lastPostId": "-Kvd-w-TTMc3Wj-U5JFx",
      "posts": {
        "-KvcyXMXqay-tm4mSboX": "-KvcyXMXqay-tm4mSboX",
        "-Kvcz27LxAZBHGjpw-CZ": "-Kvcz27LxAZBHGjpw-CZ",
        "-KvcznR3t-85NHxtf--l": "-KvcznR3t-85NHxtf--l",
        "-Kvd-bsFPb98Z7Y0iu62": "-Kvd-bsFPb98Z7Y0iu62",
        "-Kvd-w-TTMc3Wj-U5JFx": "-Kvd-w-TTMc3Wj-U5JFx"
      },
      "publishedAt": 1507147259,
      "slug": "batman-jokes",
      "title": "Batman Jokes",
      "userId": "jVa6Go6Nl1Urkag1R2p9CHTf4ny1",
      ".key": "-KvcyXMXqay-tm4mSboW"
    },
    "-Kvd3TvfJogbWreitADd": {
      "firstPostId": "-Kvd3TvfJogbWreitADe",
      "forumId": "-Kvd1k_bwZG9xSLkMfUt",
      "lastPostAt": 1507148818,
      "lastPostId": "-Kvd3TvfJogbWreitADe",
      "posts": {
        "-Kvd3TvfJogbWreitADe": "-Kvd3TvfJogbWreitADe"
      },
      "publishedAt": 1507148818,
      "slug": "fishing-line",
      "title": "Fishing line",
      "userId": "7uVPJS9GHoftN58Z2MXCYDqmNAh2",
      ".key": "-Kvd3TvfJogbWreitADd"
    },
    "-KvdBp4adHJpppQWc3sI": {
      "contributors": {
        "NnooaWj4KHVxbhKwO1pEdfaQDsD2": "NnooaWj4KHVxbhKwO1pEdfaQDsD2"
      },
      "firstPostId": "-KvdBp4adHJpppQWc3sJ",
      "forumId": "-Kvd22XESQmixAd-1XE1",
      "lastPostAt": 1507196933,
      "lastPostId": "-Kvfw0huq0j2O00bOiWd",
      "posts": {
        "-KvdBp4adHJpppQWc3sJ": "-KvdBp4adHJpppQWc3sJ",
        "-Kvfw0huq0j2O00bOiWd": "-Kvfw0huq0j2O00bOiWd"
      },
      "publishedAt": 1507151006,
      "slug": "lobster-pots",
      "title": "Lobster Pots",
      "userId": "7uVPJS9GHoftN58Z2MXCYDqmNAh2",
      ".key": "-KvdBp4adHJpppQWc3sI"
    },
    "-KvdDmJtvxFMHECuKKLW": {
      "contributors": {
        "7uVPJS9GHoftN58Z2MXCYDqmNAh2": "7uVPJS9GHoftN58Z2MXCYDqmNAh2",
        "ALXhxjwgY9PinwNGHpfai6OWyDu2": "ALXhxjwgY9PinwNGHpfai6OWyDu2"
      },
      "firstPostId": "-KvdDmJtvxFMHECuKKLX",
      "forumId": "-KvdCowY9mDvM0EH8Pvs",
      "lastPostAt": 1507152011,
      "lastPostId": "-KvdFe4GnBBURhuRY5OZ",
      "posts": {
        "-KvdDmJtvxFMHECuKKLX": "-KvdDmJtvxFMHECuKKLX",
        "-KvdFThKmnsu9kXOlS3N": "-KvdFThKmnsu9kXOlS3N",
        "-KvdFbzM8tu64CKVW60V": "-KvdFbzM8tu64CKVW60V",
        "-KvdFe4GnBBURhuRY5OZ": "-KvdFe4GnBBURhuRY5OZ"
      },
      "publishedAt": 1507151519,
      "slug": "how-do-i-make-fluffy-and-delicious-quinoa",
      "title": "How do I make fluffy and delicious quinoa?",
      "userId": "7uVPJS9GHoftN58Z2MXCYDqmNAh2",
      ".key": "-KvdDmJtvxFMHECuKKLW"
    },
    "-KvfyDwSUGBojOO4OKyX": {
      "contributors": {
        "L664y3qZSubDbT1R6npC0EEybJ73": "L664y3qZSubDbT1R6npC0EEybJ73",
        "NnooaWj4KHVxbhKwO1pEdfaQDsD2": "NnooaWj4KHVxbhKwO1pEdfaQDsD2"
      },
      "firstPostId": "-KvfyDwSUGBojOO4OKyY",
      "forumId": "-KvfwiQYlnPXtzsDfkGZ",
      "lastPostAt": 1507198631,
      "lastPostId": "-Kvg1VJ3aG_kB72Ps3FW",
      "posts": {
        "-KvfyDwSUGBojOO4OKyY": "-KvfyDwSUGBojOO4OKyY",
        "-KvfyiF5JP_DJ4HwRhRd": "-KvfyiF5JP_DJ4HwRhRd",
        "-Kvg1VJ3aG_kB72Ps3FW": "-Kvg1VJ3aG_kB72Ps3FW"
      },
      "publishedAt": 1507197511,
      "slug": "how-i-grill-my-fish",
      "title": "How I grill my fish",
      "userId": "7uVPJS9GHoftN58Z2MXCYDqmNAh2",
      ".key": "-KvfyDwSUGBojOO4OKyX"
    },
    "-Kvfz9ELFDiz_50c1axQ": {
      "contributors": {
        "jUjmgCurRRdzayqbRMO7aTG9X1G2": "jUjmgCurRRdzayqbRMO7aTG9X1G2"
      },
      "firstPostId": "-Kvfz9EMh1i8uvLRrEGz",
      "forumId": "-Kvclvu_Qd9QdS9ciqUl",
      "lastPostAt": 1509636791,
      "lastPostId": "-KxxMMqcs7LiaJKB_u6D",
      "posts": {
        "-Kvfz9EMh1i8uvLRrEGz": "-Kvfz9EMh1i8uvLRrEGz",
        "-KxxMMqcs7LiaJKB_u6D": "-KxxMMqcs7LiaJKB_u6D"
      },
      "publishedAt": 1507197754,
      "slug": "knock-knock-whos-there",
      "title": "Knock Knock, who's there?",
      "userId": "NnooaWj4KHVxbhKwO1pEdfaQDsD2",
      ".key": "-Kvfz9ELFDiz_50c1axQ"
    },
    "-KvgL0BNLNz4cJhQjdP4": {
      "contributors": {
        "7uVPJS9GHoftN58Z2MXCYDqmNAh2": "7uVPJS9GHoftN58Z2MXCYDqmNAh2",
        "NnooaWj4KHVxbhKwO1pEdfaQDsD2": "NnooaWj4KHVxbhKwO1pEdfaQDsD2",
        "f5xvKdIPQdSrUtT6i3UiHYttRXO2": "f5xvKdIPQdSrUtT6i3UiHYttRXO2"
      },
      "firstPostId": "-KvgL0BNLNz4cJhQjdP5",
      "forumId": "-KsjPjasLh0TFtZmffEo",
      "lastPostAt": 1507204245,
      "lastPostId": "-KvgMuTyGARyASYZ-jyJ",
      "posts": {
        "-KvgL0BNLNz4cJhQjdP5": "-KvgL0BNLNz4cJhQjdP5",
        "-KvgM0hiRDPqJzuJgnLv": "-KvgM0hiRDPqJzuJgnLv",
        "-KvgMqM-1LXi7MqOHGvv": "-KvgMqM-1LXi7MqOHGvv",
        "-KvgMuTyGARyASYZ-jyJ": "-KvgMuTyGARyASYZ-jyJ"
      },
      "publishedAt": 1507203748,
      "slug": "toyota-rav-4",
      "title": "Toyota RAV 4",
      "userId": "f5xvKdIPQdSrUtT6i3UiHYttRXO2",
      ".key": "-KvgL0BNLNz4cJhQjdP4"
    },
    "-KvgOAeYDKON22qBjHWQ": {
      "contributors": {
        "7uVPJS9GHoftN58Z2MXCYDqmNAh2": "7uVPJS9GHoftN58Z2MXCYDqmNAh2",
        "VXjpr2WHa8Ux4Bnggym8QFLdv5C3": "VXjpr2WHa8Ux4Bnggym8QFLdv5C3"
      },
      "firstPostId": "-KvgOAeYDKON22qBjHWR",
      "forumId": "-KsjPjasLh0TFtZmffEo",
      "lastPostAt": 1507206693,
      "lastPostId": "-KvgWFVq1pX_QbFmlG-5",
      "posts": {
        "-KvgOAeYDKON22qBjHWR": "-KvgOAeYDKON22qBjHWR",
        "-KvgTpPYkAoq8WoSz46g": "-KvgTpPYkAoq8WoSz46g",
        "-KvgWFVq1pX_QbFmlG-5": "-KvgWFVq1pX_QbFmlG-5"
      },
      "publishedAt": 1507204578,
      "slug": "bmw-3-series",
      "title": "BMW 3 Series",
      "userId": "7uVPJS9GHoftN58Z2MXCYDqmNAh2",
      ".key": "-KvgOAeYDKON22qBjHWQ"
    },
    "-KvgWYb4YkaFCfCzA_Cj": {
      "contributors": {
        "NnooaWj4KHVxbhKwO1pEdfaQDsD2": "NnooaWj4KHVxbhKwO1pEdfaQDsD2"
      },
      "firstPostId": "-KvgWYb4YkaFCfCzA_Ck",
      "forumId": "-KsjPjasLh0TFtZmffEo",
      "lastPostAt": 1507209654,
      "lastPostId": "-KvggXxCEyQQlq6Z3gn0",
      "posts": {
        "-KvgWYb4YkaFCfCzA_Ck": "-KvgWYb4YkaFCfCzA_Ck",
        "-KvggXxCEyQQlq6Z3gn0": "-KvggXxCEyQQlq6Z3gn0"
      },
      "publishedAt": 1507206773,
      "slug": "do-you-know-what-fiat-stands-for",
      "title": "Do you know what FIAT stands for?",
      "userId": "7uVPJS9GHoftN58Z2MXCYDqmNAh2",
      ".key": "-KvgWYb4YkaFCfCzA_Cj"
    },
    "-Kvgb3soiG4TmOZ7I_xl": {
      "contributors": {
        "7uVPJS9GHoftN58Z2MXCYDqmNAh2": "7uVPJS9GHoftN58Z2MXCYDqmNAh2"
      },
      "firstPostId": "-Kvgb3soiG4TmOZ7I_xm",
      "forumId": "-KsjPjasLh0TFtZmffEo",
      "lastPostAt": 1507208324,
      "lastPostId": "-KvgbTO3-L9eOTzrxhs3",
      "posts": {
        "-Kvgb3soiG4TmOZ7I_xm": "-Kvgb3soiG4TmOZ7I_xm",
        "-KvgbTO3-L9eOTzrxhs3": "-KvgbTO3-L9eOTzrxhs3"
      },
      "publishedAt": 1507208220,
      "slug": "is-toyota-group-larger-than-volkswagen-ag",
      "title": "Is Toyota Group larger than Volkswagen AG?",
      "userId": "f5xvKdIPQdSrUtT6i3UiHYttRXO2",
      ".key": "-Kvgb3soiG4TmOZ7I_xl"
    },
    "-KvgeSqPO7yMjOPbSYB1": {
      "firstPostId": "-KvgeSqPO7yMjOPbSYB2",
      "forumId": "-KsjPjasLh0TFtZmffEo",
      "lastPostAt": 1507209109,
      "lastPostId": "-KvgeSqPO7yMjOPbSYB2",
      "posts": {
        "-KvgeSqPO7yMjOPbSYB2": "-KvgeSqPO7yMjOPbSYB2"
      },
      "publishedAt": 1507209109,
      "slug": "is-the-new-2017-nissan-leaf-any-good",
      "title": "Is the new (2017) Nissan Leaf any good?",
      "userId": "7uVPJS9GHoftN58Z2MXCYDqmNAh2",
      ".key": "-KvgeSqPO7yMjOPbSYB1"
    },
    "-KvggPpwnevwqHunhXy8": {
      "firstPostId": "-KvggPpwnevwqHunhXy9",
      "forumId": "-KsjPjasLh0TFtZmffEo",
      "lastPostAt": 1507209621,
      "lastPostId": "-KvggPpwnevwqHunhXy9",
      "posts": {
        "-KvggPpwnevwqHunhXy9": "-KvggPpwnevwqHunhXy9"
      },
      "publishedAt": 1507209621,
      "slug": "three-wheelers-hot-or-not",
      "title": "Three-Wheelers, hot or not?",
      "userId": "NnooaWj4KHVxbhKwO1pEdfaQDsD2",
      ".key": "-KvggPpwnevwqHunhXy8"
    },
    "-KvggzbFFFwafR2UV2PO": {
      "firstPostId": "-KvggzbFFFwafR2UV2PP",
      "forumId": "-KvdCowY9mDvM0EH8Pvs",
      "lastPostAt": 1507209771,
      "lastPostId": "-KvggzbFFFwafR2UV2PP",
      "posts": {
        "-KvggzbFFFwafR2UV2PP": "-KvggzbFFFwafR2UV2PP"
      },
      "publishedAt": 1507209771,
      "slug": "which-is-your-favorite-carbohydrate",
      "title": "Which is your favorite carbohydrate? 🤓",
      "userId": "NnooaWj4KHVxbhKwO1pEdfaQDsD2",
      ".key": "-KvggzbFFFwafR2UV2PO"
    },
    "-Kvgi7kwtMGggjy3hRPN": {
      "firstPostId": "-Kvgi7kwtMGggjy3hRPO",
      "forumId": "-Kvd1Vg_ankLYgrxC50F",
      "lastPostAt": 1507210071,
      "lastPostId": "-Kvgi7kwtMGggjy3hRPO",
      "posts": {
        "-Kvgi7kwtMGggjy3hRPO": "-Kvgi7kwtMGggjy3hRPO"
      },
      "publishedAt": 1507210071,
      "slug": "what-is-the-most-exciting-fish-to-catch-from-shore",
      "title": "What is the most exciting fish to catch from shore?",
      "userId": "NnooaWj4KHVxbhKwO1pEdfaQDsD2",
      ".key": "-Kvgi7kwtMGggjy3hRPN"
    },
    "-KvgjI6bfbWYlbYV5ndr": {
      "contributors": {
        "jUjmgCurRRdzayqbRMO7aTG9X1G2": "jUjmgCurRRdzayqbRMO7aTG9X1G2"
      },
      "firstPostId": "-KvgjI6bfbWYlbYV5nds",
      "forumId": "-KpOx5Y4AqRr3sB4Ybwj",
      "lastPostAt": 1509638822,
      "lastPostId": "-KxxU6bYWl-6Xnu9g-56",
      "posts": {
        "-KvgjI6bfbWYlbYV5nds": "-KvgjI6bfbWYlbYV5nds",
        "-KxxU6bYWl-6Xnu9g-56": "-KxxU6bYWl-6Xnu9g-56"
      },
      "publishedAt": 1507210375,
      "slug": "post-reactions",
      "title": "Post Reactions",
      "userId": "ALXhxjwgY9PinwNGHpfai6OWyDu2",
      ".key": "-KvgjI6bfbWYlbYV5ndr"
    },
    "-KvhfY9Xq81wRkrWOl1_": {
      "firstPostId": "-KvhfY9Xq81wRkrWOl1a",
      "forumId": "-KvdCowY9mDvM0EH8Pvs",
      "lastPostAt": 1507226169,
      "lastPostId": "-KvhfY9Xq81wRkrWOl1a",
      "posts": {
        "-KvhfY9Xq81wRkrWOl1a": "-KvhfY9Xq81wRkrWOl1a"
      },
      "publishedAt": 1507226169,
      "slug": "egg-replacer-for-bread-dough",
      "title": "Egg replacer for bread dough?",
      "userId": "f5xvKdIPQdSrUtT6i3UiHYttRXO2",
      ".key": "-KvhfY9Xq81wRkrWOl1_"
    },
    "-KvhfofpGQZDLljV52k4": {
      "contributors": {
        "VXjpr2WHa8Ux4Bnggym8QFLdv5C3": "VXjpr2WHa8Ux4Bnggym8QFLdv5C3"
      },
      "firstPostId": "-Kvhfofql-5yAv3TxH2M",
      "forumId": "-KvdCowY9mDvM0EH8Pvs",
      "lastPostAt": 1507226322,
      "lastPostId": "-Kvhg7cQD_anWm8x-WYT",
      "posts": {
        "-Kvhfofql-5yAv3TxH2M": "-Kvhfofql-5yAv3TxH2M",
        "-Kvhg7cQD_anWm8x-WYT": "-Kvhg7cQD_anWm8x-WYT"
      },
      "publishedAt": 1507226241,
      "slug": "multifilling",
      "title": "Multifilling",
      "userId": "NnooaWj4KHVxbhKwO1pEdfaQDsD2",
      ".key": "-KvhfofpGQZDLljV52k4"
    },
    "-KvhgwEcF6xG6Ovmqedl": {
      "contributors": {
        "NnooaWj4KHVxbhKwO1pEdfaQDsD2": "NnooaWj4KHVxbhKwO1pEdfaQDsD2",
        "jVa6Go6Nl1Urkag1R2p9CHTf4ny1": "jVa6Go6Nl1Urkag1R2p9CHTf4ny1",
        "u4r8XCziZEWEXsj2UIKNHBoDh0n2": "u4r8XCziZEWEXsj2UIKNHBoDh0n2"
      },
      "firstPostId": "-KvhgwEcF6xG6Ovmqedm",
      "forumId": "-KvdCowY9mDvM0EH8Pvs",
      "lastPostAt": 1507226797,
      "lastPostId": "-KvhhwVAy5847Uvyw6rT",
      "posts": {
        "-KvhgwEcF6xG6Ovmqedm": "-KvhgwEcF6xG6Ovmqedm",
        "-KvhhJEORgE9oljAwKOr": "-KvhhJEORgE9oljAwKOr",
        "-KvhhSs4hYgi38l5XQ6i": "-KvhhSs4hYgi38l5XQ6i",
        "-KvhhwVAy5847Uvyw6rT": "-KvhhwVAy5847Uvyw6rT"
      },
      "publishedAt": 1507226534,
      "slug": "wasabi-vs-horseraddish",
      "title": "Wasabi vs horseraddish?",
      "userId": "jVa6Go6Nl1Urkag1R2p9CHTf4ny1",
      ".key": "-KvhgwEcF6xG6Ovmqedl"
    },
    "-Kvhj8GxcZOvvNrWCK-W": {
      "contributors": {
        "VXjpr2WHa8Ux4Bnggym8QFLdv5C3": "VXjpr2WHa8Ux4Bnggym8QFLdv5C3"
      },
      "firstPostId": "-Kvhj8GxcZOvvNrWCK-X",
      "forumId": "-KvdCowY9mDvM0EH8Pvs",
      "lastPostAt": 1507227147,
      "lastPostId": "-KvhjGrRB9SpbH67jqbq",
      "posts": {
        "-Kvhj8GxcZOvvNrWCK-X": "-Kvhj8GxcZOvvNrWCK-X",
        "-KvhjGrRB9SpbH67jqbq": "-KvhjGrRB9SpbH67jqbq"
      },
      "publishedAt": 1507227112,
      "slug": "how-can-i-chop-onions-without-crying",
      "title": "How can i chop onions without crying?",
      "userId": "u4r8XCziZEWEXsj2UIKNHBoDh0n2",
      ".key": "-Kvhj8GxcZOvvNrWCK-W"
    },
    "-KxxSma_8IeF6kjukwnu": {
      "firstPostId": "-KxxSma_8IeF6kjukwnv",
      "forumId": "-KvfwiQYlnPXtzsDfkGZ",
      "lastPostAt": 1509638478,
      "lastPostId": "-KxxSma_8IeF6kjukwnv",
      "posts": {
        "-KxxSma_8IeF6kjukwnv": "-KxxSma_8IeF6kjukwnv"
      },
      "publishedAt": 1509638478,
      "slug": "how-can-i-create-chemical-x",
      "title": "How can I create Chemical X?",
      "userId": "jUjmgCurRRdzayqbRMO7aTG9X1G2",
      ".key": "-KxxSma_8IeF6kjukwnu"
    },
    "-KxxSnNltjgIvlwAjmW8": {
      "contributors": {
        "Miej9zSGMRZKDvMXzfxjVOyv3RF3": "Miej9zSGMRZKDvMXzfxjVOyv3RF3"
      },
      "firstPostId": "-KxxSnNltjgIvlwAjmW9",
      "forumId": "-KvfwiQYlnPXtzsDfkGZ",
      "lastPostAt": 1509640311,
      "lastPostId": "-KxxZn1egW-9INEREC2K",
      "posts": {
        "-KxxSnNltjgIvlwAjmW9": "-KxxSnNltjgIvlwAjmW9",
        "-KxxZn1egW-9INEREC2K": "-KxxZn1egW-9INEREC2K"
      },
      "publishedAt": 1509638478,
      "slug": "how-can-i-create-chemical-x",
      "title": "How can I create Chemical X?",
      "userId": "jUjmgCurRRdzayqbRMO7aTG9X1G2",
      ".key": "-KxxSnNltjgIvlwAjmW8"
    }
  },
  "users": {
    "38St7Q8Zi2N1SPa5ahzssq9kbyp1": {
      "avatar": "https://avatars3.githubusercontent.com/u/2327556?v=4&s=460",
      "email": "chrisvfritz@gmail.com",
      "lastVisitAt": 1504772078,
      "name": "Chris Fritz",
      "registeredAt": 1504632260,
      "username": "chrisvfritz",
      "usernameLower": "chrisvfritz",
      ".key": "38St7Q8Zi2N1SPa5ahzssq9kbyp1"
    },
    "7uVPJS9GHoftN58Z2MXCYDqmNAh2": {
      "avatar": "https://i.imgur.com/CZT3Nq1.png",
      "bio": "Love to fish. Work to fish",
      "email": "tunajoe@gmail.com",
      "lastVisitAt": 1507227517,
      "name": "Joey Williams",
      "posts": {
        "-Kvd3TvfJogbWreitADe": "-Kvd3TvfJogbWreitADe",
        "-KvdBp4adHJpppQWc3sJ": "-KvdBp4adHJpppQWc3sJ",
        "-KvdDmJtvxFMHECuKKLX": "-KvdDmJtvxFMHECuKKLX",
        "-KvdFbzM8tu64CKVW60V": "-KvdFbzM8tu64CKVW60V",
        "-KvfyDwSUGBojOO4OKyY": "-KvfyDwSUGBojOO4OKyY",
        "-KvgM0hiRDPqJzuJgnLv": "-KvgM0hiRDPqJzuJgnLv",
        "-KvgOAeYDKON22qBjHWR": "-KvgOAeYDKON22qBjHWR",
        "-KvgWFVq1pX_QbFmlG-5": "-KvgWFVq1pX_QbFmlG-5",
        "-KvgWYb4YkaFCfCzA_Ck": "-KvgWYb4YkaFCfCzA_Ck",
        "-KvgbTO3-L9eOTzrxhs3": "-KvgbTO3-L9eOTzrxhs3",
        "-KvgeSqPO7yMjOPbSYB2": "-KvgeSqPO7yMjOPbSYB2"
      },
      "registeredAt": 1507148598,
      "threads": {
        "-Kvd3TvfJogbWreitADd": "-Kvd3TvfJogbWreitADd",
        "-KvdBp4adHJpppQWc3sI": "-KvdBp4adHJpppQWc3sI",
        "-KvdDmJtvxFMHECuKKLW": "-KvdDmJtvxFMHECuKKLW",
        "-KvfyDwSUGBojOO4OKyX": "-KvfyDwSUGBojOO4OKyX",
        "-KvgOAeYDKON22qBjHWQ": "-KvgOAeYDKON22qBjHWQ",
        "-KvgWYb4YkaFCfCzA_Cj": "-KvgWYb4YkaFCfCzA_Cj",
        "-KvgeSqPO7yMjOPbSYB1": "-KvgeSqPO7yMjOPbSYB1"
      },
      "username": "tunajoe",
      "usernameLower": "tunajoe",
      ".key": "7uVPJS9GHoftN58Z2MXCYDqmNAh2"
    },
    "ALXhxjwgY9PinwNGHpfai6OWyDu2": {
      "avatar": "https://pbs.twimg.com/profile_images/719242842598699008/Nu43rQz1_400x400.jpg",
      "bio": "Now this is a story all about how my life got flipped-turned upside down and I'd like to take a minute just sit right there i'll tell you how I became the prince of a town called Bel-Air.",
      "email": "rolf@rah.no",
      "lastVisitAt": 1509628794,
      "name": "Rolf",
      "posts": {
        "-KsjWehQ--apjDBwSBCZ": "-KsjWehQ--apjDBwSBCZ",
        "-KvcmrN1WpXOUp1yWrJd": "-KvcmrN1WpXOUp1yWrJd",
        "-KvdFThKmnsu9kXOlS3N": "-KvdFThKmnsu9kXOlS3N",
        "-KvdFe4GnBBURhuRY5OZ": "-KvdFe4GnBBURhuRY5OZ",
        "-KvgjI6bfbWYlbYV5nds": "-KvgjI6bfbWYlbYV5nds"
      },
      "registeredAt": 1504025541,
      "threads": {
        "-KsjWehQ--apjDBwSBCY": "-KsjWehQ--apjDBwSBCY",
        "-KvcmrN1WpXOUp1yWrJc": "-KvcmrN1WpXOUp1yWrJc",
        "-KvgjI6bfbWYlbYV5ndr": "-KvgjI6bfbWYlbYV5ndr"
      },
      "twitter": "rahaugrahaugrahaugrahaugrahaugrahaugrahaugrahaugrahaugrahaug",
      "username": "rah",
      "usernameLower": "rah",
      "website": "http://rah.no",
      ".key": "ALXhxjwgY9PinwNGHpfai6OWyDu2"
    },
    "FsCDAk9w8NeXEceLV87arpsXjnQ2": {
      "avatar": "http://i.imgur.com/6MuObMP.jpg",
      "email": "themask@gmail.com",
      "lastVisitAt": 1504600691,
      "name": "Stanley Ipkiss",
      "posts": {
        "-KsjefUiIuNkJieBc5Rq": "-KsjefUiIuNkJieBc5Rq"
      },
      "registeredAt": 1504038023,
      "username": "TheMask",
      "usernameLower": "themask",
      ".key": "FsCDAk9w8NeXEceLV87arpsXjnQ2"
    },
    "HJNTR1nN8tgbB148RJrPYbby8Vl1": {
      "avatar": "https://i.imgur.com/P0JExWH.png",
      "email": "april@gmail.com",
      "lastVisitAt": 1509564674,
      "name": "April O´Neil",
      "registeredAt": 1509564674,
      "username": "april",
      "usernameLower": "april",
      ".key": "HJNTR1nN8tgbB148RJrPYbby8Vl1"
    },
    "L664y3qZSubDbT1R6npC0EEybJ73": {
      "avatar": "http://cleaneatsfastfeets.com/wp-content/uploads/2013/05/Mr-Burns.gif",
      "bio": "Release the hounds!",
      "email": "mrburns@gmail.com",
      "lastVisitAt": 1507198421,
      "name": "Charles Montgomery Burns",
      "posts": {
        "-KsjfvciJhJnebrL4Iw7": "-KsjfvciJhJnebrL4Iw7",
        "-Ksjv9T5uc5wP1BH2g7P": "-Ksjv9T5uc5wP1BH2g7P",
        "-KvcwywxaxxIfsHR88wb": "-KvcwywxaxxIfsHR88wb",
        "-Kvcz27LxAZBHGjpw-CZ": "-Kvcz27LxAZBHGjpw-CZ",
        "-Kvg0kUf4Bg7zzeKzDdU": "-Kvg0kUf4Bg7zzeKzDdU",
        "-Kvg1VJ3aG_kB72Ps3FW": "-Kvg1VJ3aG_kB72Ps3FW"
      },
      "registeredAt": 1504038437,
      "threads": {
        "-Ksjv9T5uc5wP1BH2g7O": "-Ksjv9T5uc5wP1BH2g7O",
        "-KvcwywxaxxIfsHR88wa": "-KvcwywxaxxIfsHR88wa"
      },
      "username": "MrBurns",
      "usernameLower": "mrburns",
      ".key": "L664y3qZSubDbT1R6npC0EEybJ73"
    },
    "Miej9zSGMRZKDvMXzfxjVOyv3RF3": {
      "avatar": "https://i.imgur.com/aaw5m0T.jpg",
      "email": "deedee@gmail.com",
      "lastVisitAt": 1509639756,
      "name": "Princess Dee Dee",
      "posts": {
        "-KxxZn1egW-9INEREC2K": "-KxxZn1egW-9INEREC2K",
        "-Kxx_kFpMHmonma6v_dW": "-Kxx_kFpMHmonma6v_dW"
      },
      "registeredAt": 1509564428,
      "username": "deedee",
      "usernameLower": "deedee",
      ".key": "Miej9zSGMRZKDvMXzfxjVOyv3RF3"
    },
    "NnooaWj4KHVxbhKwO1pEdfaQDsD2": {
      "avatar": "https://firebasestorage.googleapis.com/v0/b/forum-2a982.appspot.com/o/images%2Favatars%2Fraynathan?alt=media&token=bd9a0f0e-60f2-4e60-b092-77d1ded50a7e",
      "email": "raynathan@gmail.com",
      "lastVisitAt": 1507312801,
      "name": "Ray-Nathan James",
      "posts": {
        "-Kvfw0huq0j2O00bOiWd": "-Kvfw0huq0j2O00bOiWd",
        "-KvfyiF5JP_DJ4HwRhRd": "-KvfyiF5JP_DJ4HwRhRd",
        "-Kvfz9EMh1i8uvLRrEGz": "-Kvfz9EMh1i8uvLRrEGz",
        "-KvgMqM-1LXi7MqOHGvv": "-KvgMqM-1LXi7MqOHGvv",
        "-KvggPpwnevwqHunhXy9": "-KvggPpwnevwqHunhXy9",
        "-KvggXxCEyQQlq6Z3gn0": "-KvggXxCEyQQlq6Z3gn0",
        "-KvggzbFFFwafR2UV2PP": "-KvggzbFFFwafR2UV2PP",
        "-Kvgi7kwtMGggjy3hRPO": "-Kvgi7kwtMGggjy3hRPO",
        "-Kvhfofql-5yAv3TxH2M": "-Kvhfofql-5yAv3TxH2M",
        "-KvhhwVAy5847Uvyw6rT": "-KvhhwVAy5847Uvyw6rT"
      },
      "registeredAt": 1507196808,
      "threads": {
        "-Kvfz9ELFDiz_50c1axQ": "-Kvfz9ELFDiz_50c1axQ",
        "-KvggPpwnevwqHunhXy8": "-KvggPpwnevwqHunhXy8",
        "-KvggzbFFFwafR2UV2PO": "-KvggzbFFFwafR2UV2PO",
        "-Kvgi7kwtMGggjy3hRPN": "-Kvgi7kwtMGggjy3hRPN",
        "-KvhfofpGQZDLljV52k4": "-KvhfofpGQZDLljV52k4"
      },
      "username": "raynathan",
      "usernameLower": "raynathan",
      ".key": "NnooaWj4KHVxbhKwO1pEdfaQDsD2"
    },
    "VXjpr2WHa8Ux4Bnggym8QFLdv5C3": {
      "avatar": "http://i0.kym-cdn.com/photos/images/facebook/000/010/934/46623-batman_pikachu_super.png",
      "bio": "I'm Batman!",
      "email": "man@batmail.com",
      "lastVisitAt": 1509978791,
      "name": "Bruce Wayne",
      "posts": {
        "-KsjnAAjzfpznUVh4DSa": "-KsjnAAjzfpznUVh4DSa",
        "-KsjrmB3IBCu-u-09qQb": "-KsjrmB3IBCu-u-09qQb",
        "-KsjtRwwzHCcV55pKaQ-": "-KsjtRwwzHCcV55pKaQ-",
        "-KsjxMazDmuyf0VMVbCG": "-KsjxMazDmuyf0VMVbCG",
        "-Kvcpl2lxtVztykr82Bv": "-Kvcpl2lxtVztykr82Bv",
        "-Kvd-w-TTMc3Wj-U5JFx": "-Kvd-w-TTMc3Wj-U5JFx",
        "-KvgTpPYkAoq8WoSz46g": "-KvgTpPYkAoq8WoSz46g",
        "-Kvhg7cQD_anWm8x-WYT": "-Kvhg7cQD_anWm8x-WYT",
        "-KvhjGrRB9SpbH67jqbq": "-KvhjGrRB9SpbH67jqbq"
      },
      "registeredAt": 1504038930,
      "username": "batman",
      "usernameLower": "batman",
      ".key": "VXjpr2WHa8Ux4Bnggym8QFLdv5C3"
    },
    "f5xvKdIPQdSrUtT6i3UiHYttRXO2": {
      "avatar": "http://icons.iconarchive.com/icons/designbolts/free-male-avatars/128/Male-Avatar-icon.png",
      "email": "tjax@gmail.com",
      "lastVisitAt": 1507226584,
      "name": "Theodor Jackson",
      "posts": {
        "-KvgL0BNLNz4cJhQjdP5": "-KvgL0BNLNz4cJhQjdP5",
        "-KvgMuTyGARyASYZ-jyJ": "-KvgMuTyGARyASYZ-jyJ",
        "-Kvgb3soiG4TmOZ7I_xm": "-Kvgb3soiG4TmOZ7I_xm",
        "-KvhfY9Xq81wRkrWOl1a": "-KvhfY9Xq81wRkrWOl1a"
      },
      "registeredAt": 1507203667,
      "threads": {
        "-KvgL0BNLNz4cJhQjdP4": "-KvgL0BNLNz4cJhQjdP4",
        "-Kvgb3soiG4TmOZ7I_xl": "-Kvgb3soiG4TmOZ7I_xl",
        "-KvhfY9Xq81wRkrWOl1_": "-KvhfY9Xq81wRkrWOl1_"
      },
      "username": "tjax",
      "usernameLower": "tjax",
      ".key": "f5xvKdIPQdSrUtT6i3UiHYttRXO2"
    },
    "j09GMrHPBPXyVHw3g2wghVwi2OD3": {
      "avatar": "http://icons.iconarchive.com/icons/designbolts/free-male-avatars/128/Male-Avatar-icon.png",
      "email": "llalal!@gmail.com",
      "lastVisitAt": 1504442890,
      "name": "alall",
      "registeredAt": 1504430070,
      "username": "alallal",
      "usernameLower": "alallal",
      ".key": "j09GMrHPBPXyVHw3g2wghVwi2OD3"
    },
    "jUjmgCurRRdzayqbRMO7aTG9X1G2": {
      "avatar": "https://i.imgur.com/WPSrfGm.jpg",
      "email": "blossom@gmail.com",
      "lastVisitAt": 1509636723,
      "name": "Blossom",
      "posts": {
        "-Kxt1fwggVizCfCP5ybK": "-Kxt1fwggVizCfCP5ybK",
        "-KxxMMqcs7LiaJKB_u6D": "-KxxMMqcs7LiaJKB_u6D",
        "-KxxSma_8IeF6kjukwnv": "-KxxSma_8IeF6kjukwnv",
        "-KxxSnNltjgIvlwAjmW9": "-KxxSnNltjgIvlwAjmW9",
        "-KxxU6bYWl-6Xnu9g-56": "-KxxU6bYWl-6Xnu9g-56"
      },
      "registeredAt": 1509564068,
      "threads": {
        "-KxxSma_8IeF6kjukwnu": "-KxxSma_8IeF6kjukwnu",
        "-KxxSnNltjgIvlwAjmW8": "-KxxSnNltjgIvlwAjmW8"
      },
      "username": "blossom",
      "usernameLower": "blossom",
      ".key": "jUjmgCurRRdzayqbRMO7aTG9X1G2"
    },
    "jVa6Go6Nl1Urkag1R2p9CHTf4ny1": {
      "avatar": "http://i.imgur.com/s0AzOkO.png",
      "email": "robin@batmail.com",
      "lastVisitAt": 1507226488,
      "name": "Robin",
      "posts": {
        "-KsjtHy6c__hABJWW9i7": "-KsjtHy6c__hABJWW9i7",
        "-KsjwhQb4AQUyXbWhItY": "-KsjwhQb4AQUyXbWhItY",
        "-KvcojkZchtDWwKJh4Fs": "-KvcojkZchtDWwKJh4Fs",
        "-KvcuHWQOc20ek14CYdR": "-KvcuHWQOc20ek14CYdR",
        "-KvcuY9ONBumd6xcu4ah": "-KvcuY9ONBumd6xcu4ah",
        "-KvcvqCbyYIBnaDP70Rp": "-KvcvqCbyYIBnaDP70Rp",
        "-KvcyXMXqay-tm4mSboX": "-KvcyXMXqay-tm4mSboX",
        "-KvhgwEcF6xG6Ovmqedm": "-KvhgwEcF6xG6Ovmqedm",
        "-KvhhSs4hYgi38l5XQ6i": "-KvhhSs4hYgi38l5XQ6i"
      },
      "registeredAt": 1504042039,
      "threads": {
        "-KvcyXMXqay-tm4mSboW": "-KvcyXMXqay-tm4mSboW",
        "-KvhgwEcF6xG6Ovmqedl": "-KvhgwEcF6xG6Ovmqedl"
      },
      "username": "robin",
      "usernameLower": "robin",
      ".key": "jVa6Go6Nl1Urkag1R2p9CHTf4ny1"
    },
    "rpbB8C6ifrYmNDufMERWfQUoa202": {
      "avatar": "https://pbs.twimg.com/profile_images/1188775562657091594/5mgkg44t_400x400.jpg",
      "email": "alexkyriakidis25@gmail.com",
      "lastVisitAt": 1504631768,
      "name": "Alex Kyriakidis",
      "posts": {
        "-KtHbw4VIjNSdOsfOftO": "-KtHbw4VIjNSdOsfOftO"
      },
      "registeredAt": 1504027921,
      "username": "alexkyriakidis1504027921",
      "usernameLower": "alexkyriakidis1504027921",
      ".key": "rpbB8C6ifrYmNDufMERWfQUoa202"
    },
    "u4r8XCziZEWEXsj2UIKNHBoDh0n2": {
      "avatar": "https://i.imgur.com/OqlZN48.jpg",
      "email": "joker@batmail.com",
      "lastVisitAt": 1507226599,
      "name": "Joseph Kerr",
      "posts": {
        "-KsjpzIeFTdcsBIPvUfQ": "-KsjpzIeFTdcsBIPvUfQ",
        "-KsjtiVE35Z19p-ziUvt": "-KsjtiVE35Z19p-ziUvt",
        "-KsjtoTygN9LMFJxNPsU": "-KsjtoTygN9LMFJxNPsU",
        "-KsjwU_A01lZRcljDlOq": "-KsjwU_A01lZRcljDlOq",
        "-KsjxWRiADCvcsvnL0Ds": "-KsjxWRiADCvcsvnL0Ds",
        "-Kt2s70sjjx2Xwi3yyk3": "-Kt2s70sjjx2Xwi3yyk3",
        "-Kt2tjFsLkYONW35Or8c": "-Kt2tjFsLkYONW35Or8c",
        "-KvctYeu0_BpWh28-98h": "-KvctYeu0_BpWh28-98h",
        "-Kvctq1WiVDCH6umxdBI": "-Kvctq1WiVDCH6umxdBI",
        "-KvcznR3t-85NHxtf--l": "-KvcznR3t-85NHxtf--l",
        "-Kvd-bsFPb98Z7Y0iu62": "-Kvd-bsFPb98Z7Y0iu62",
        "-KvhhJEORgE9oljAwKOr": "-KvhhJEORgE9oljAwKOr",
        "-Kvhj8GxcZOvvNrWCK-X": "-Kvhj8GxcZOvvNrWCK-X"
      },
      "registeredAt": 1504041159,
      "threads": {
        "-KsjpzIeFTdcsBIPvUfP": "-KsjpzIeFTdcsBIPvUfP",
        "-KsjwU_A01lZRcljDlOp": "-KsjwU_A01lZRcljDlOp",
        "-KvctYeu0_BpWh28-98g": "-KvctYeu0_BpWh28-98g",
        "-Kvhj8GxcZOvvNrWCK-W": "-Kvhj8GxcZOvvNrWCK-W"
      },
      "username": "Joker",
      "usernameLower": "joker",
      ".key": "u4r8XCziZEWEXsj2UIKNHBoDh0n2"
    },
    "w9WeYrRVDaNNpxOkyVArjCKLSnD2": {
      "avatar": "http://icons.iconarchive.com/icons/designbolts/free-male-avatars/128/Male-Avatar-icon.png",
      "email": "abusive.ant@gmail.com",
      "lastVisitAt": 1504037991,
      "name": "Abusive Ant",
      "registeredAt": 1504033936,
      "username": "AbusiveAnt",
      "usernameLower": "abusiveant",
      ".key": "w9WeYrRVDaNNpxOkyVArjCKLSnD2"
    }
  }
}
